Area Code,Area Code (M49),Area,Item Code,Item,Element Code,Element,Year Code,Year,Unit,Value,Flag
16,'050,Bangladesh,4007,"Ammonia, anhydrous",5610,Import quantity,2002,2002,t,8.38,X
16,'050,Bangladesh,4007,"Ammonia, anhydrous",5610,Import quantity,2004,2004,t,200.0,A
16,'050,Bangladesh,4007,"Ammonia, anhydrous",5610,Import quantity,2005,2005,t,6.7,A
16,'050,Bangladesh,4007,"Ammonia, anhydrous",5610,Import quantity,2006,2006,t,6.06,A
16,'050,Bangladesh,4007,"Ammonia, anhydrous",5610,Import quantity,2007,2007,t,0.1,A
16,'050,Bangladesh,4007,"Ammonia, anhydrous",5610,Import quantity,2008,2008,t,0.5,A
16,'050,Bangladesh,4007,"Ammonia, anhydrous",5610,Import quantity,2009,2009,t,1.44,A
16,'050,Bangladesh,4007,"Ammonia, anhydrous",5610,Import quantity,2010,2010,t,0.02,A
16,'050,Bangladesh,4007,"Ammonia, anhydrous",5610,Import quantity,2011,2011,t,0.26,A
16,'050,Bangladesh,4007,"Ammonia, anhydrous",5610,Import quantity,2012,2012,t,0.0,A
16,'050,Bangladesh,4007,"Ammonia, anhydrous",5610,Import quantity,2014,2014,t,32938.0,X
16,'050,Bangladesh,4007,"Ammonia, anhydrous",5610,Import quantity,2015,2015,t,0.17,A
16,'050,Bangladesh,4007,"Ammonia, anhydrous",5610,Import quantity,2016,2016,t,78763.51,X
16,'050,Bangladesh,4007,"Ammonia, anhydrous",5610,Import quantity,2017,2017,t,104984.68,X
16,'050,Bangladesh,4007,"Ammonia, anhydrous",5610,Import quantity,2018,2018,t,432750.17,X
16,'050,Bangladesh,4007,"Ammonia, anhydrous",5610,Import quantity,2019,2019,t,226616.44,X
16,'050,Bangladesh,4007,"Ammonia, anhydrous",5610,Import quantity,2020,2020,t,478202.42,X
16,'050,Bangladesh,4007,"Ammonia, anhydrous",5610,Import quantity,2021,2021,t,220011.19,X
16,'050,Bangladesh,4007,"Ammonia, anhydrous",5610,Import quantity,2022,2022,t,23.18,X
16,'050,Bangladesh,4007,"Ammonia, anhydrous",5610,Import quantity,2023,2023,t,1.39,X
16,'050,Bangladesh,4007,"Ammonia, anhydrous",5610,Import quantity,2024,2024,t,0.05,X
16,'050,Bangladesh,4007,"Ammonia, anhydrous",5622,Import value,2002,2002,1000 USD,1.22,A
16,'050,Bangladesh,4007,"Ammonia, anhydrous",5622,Import value,2004,2004,1000 USD,23.48,A
16,'050,Bangladesh,4007,"Ammonia, anhydrous",5622,Import value,2005,2005,1000 USD,0.42,A
16,'050,Bangladesh,4007,"Ammonia, anhydrous",5622,Import value,2006,2006,1000 USD,16.77,A
16,'050,Bangladesh,4007,"Ammonia, anhydrous",5622,Import value,2007,2007,1000 USD,0.33,A
16,'050,Bangladesh,4007,"Ammonia, anhydrous",5622,Import value,2008,2008,1000 USD,0.25,A
16,'050,Bangladesh,4007,"Ammonia, anhydrous",5622,Import value,2009,2009,1000 USD,0.84,A
16,'050,Bangladesh,4007,"Ammonia, anhydrous",5622,Import value,2010,2010,1000 USD,0.29,A
16,'050,Bangladesh,4007,"Ammonia, anhydrous",5622,Import value,2011,2011,1000 USD,0.13,A
16,'050,Bangladesh,4007,"Ammonia, anhydrous",5622,Import value,2012,2012,1000 USD,2.34,A
16,'050,Bangladesh,4007,"Ammonia, anhydrous",5622,Import value,2014,2014,1000 USD,15901.82,X
16,'050,Bangladesh,4007,"Ammonia, anhydrous",5622,Import value,2015,2015,1000 USD,0.48,A
16,'050,Bangladesh,4007,"Ammonia, anhydrous",5622,Import value,2016,2016,1000 USD,26778.75,X
16,'050,Bangladesh,4007,"Ammonia, anhydrous",5622,Import value,2017,2017,1000 USD,37298.06,X
16,'050,Bangladesh,4007,"Ammonia, anhydrous",5622,Import value,2018,2018,1000 USD,155817.69,X
16,'050,Bangladesh,4007,"Ammonia, anhydrous",5622,Import value,2019,2019,1000 USD,84156.34,X
16,'050,Bangladesh,4007,"Ammonia, anhydrous",5622,Import value,2020,2020,1000 USD,154137.11,X
16,'050,Bangladesh,4007,"Ammonia, anhydrous",5622,Import value,2021,2021,1000 USD,98358.5,X
16,'050,Bangladesh,4007,"Ammonia, anhydrous",5622,Import value,2022,2022,1000 USD,5.69,X
16,'050,Bangladesh,4007,"Ammonia, anhydrous",5622,Import value,2023,2023,1000 USD,52.87,X
16,'050,Bangladesh,4007,"Ammonia, anhydrous",5622,Import value,2024,2024,1000 USD,0.55,X
16,'050,Bangladesh,4007,"Ammonia, anhydrous",5910,Export quantity,2002,2002,t,10995.05,X
16,'050,Bangladesh,4007,"Ammonia, anhydrous",5910,Export quantity,2003,2003,t,79025.0,A
16,'050,Bangladesh,4007,"Ammonia, anhydrous",5910,Export quantity,2004,2004,t,142350.0,A
16,'050,Bangladesh,4007,"Ammonia, anhydrous",5910,Export quantity,2005,2005,t,186250.0,A
16,'050,Bangladesh,4007,"Ammonia, anhydrous",5910,Export quantity,2006,2006,t,166958.5,A
16,'050,Bangladesh,4007,"Ammonia, anhydrous",5910,Export quantity,2007,2007,t,142273.44,X
16,'050,Bangladesh,4007,"Ammonia, anhydrous",5910,Export quantity,2008,2008,t,133120.93,A
16,'050,Bangladesh,4007,"Ammonia, anhydrous",5910,Export quantity,2009,2009,t,90750.0,A
16,'050,Bangladesh,4007,"Ammonia, anhydrous",5910,Export quantity,2010,2010,t,49425.98,A
16,'050,Bangladesh,4007,"Ammonia, anhydrous",5910,Export quantity,2011,2011,t,14680.5,A
16,'050,Bangladesh,4007,"Ammonia, anhydrous",5910,Export quantity,2012,2012,t,37120.0,A
16,'050,Bangladesh,4007,"Ammonia, anhydrous",5910,Export quantity,2013,2013,t,14950.0,A
16,'050,Bangladesh,4007,"Ammonia, anhydrous",5910,Export quantity,2014,2014,t,16504.9,X
16,'050,Bangladesh,4007,"Ammonia, anhydrous",5910,Export quantity,2015,2015,t,29650.0,A
16,'050,Bangladesh,4007,"Ammonia, anhydrous",5910,Export quantity,2016,2016,t,30484.28,X
16,'050,Bangladesh,4007,"Ammonia, anhydrous",5910,Export quantity,2017,2017,t,24499.9,X
16,'050,Bangladesh,4007,"Ammonia, anhydrous",5910,Export quantity,2018,2018,t,38999.93,X
16,'050,Bangladesh,4007,"Ammonia, anhydrous",5910,Export quantity,2019,2019,t,32100.0,X
16,'050,Bangladesh,4007,"Ammonia, anhydrous",5910,Export quantity,2020,2020,t,56165.0,X
16,'050,Bangladesh,4007,"Ammonia, anhydrous",5910,Export quantity,2021,2021,t,115470.0,X
16,'050,Bangladesh,4007,"Ammonia, anhydrous",5910,Export quantity,2022,2022,t,44900.0,X
16,'050,Bangladesh,4007,"Ammonia, anhydrous",5910,Export quantity,2023,2023,t,24416.69,X
16,'050,Bangladesh,4007,"Ammonia, anhydrous",5910,Export quantity,2024,2024,t,37628.47,X
16,'050,Bangladesh,4007,"Ammonia, anhydrous",5922,Export value,2002,2002,1000 USD,5810.76,A
16,'050,Bangladesh,4007,"Ammonia, anhydrous",5922,Export value,2003,2003,1000 USD,17995.59,A
16,'050,Bangladesh,4007,"Ammonia, anhydrous",5922,Export value,2004,2004,1000 USD,34536.23,A
16,'050,Bangladesh,4007,"Ammonia, anhydrous",5922,Export value,2005,2005,1000 USD,48523.03,A
16,'050,Bangladesh,4007,"Ammonia, anhydrous",5922,Export value,2006,2006,1000 USD,40811.99,A
16,'050,Bangladesh,4007,"Ammonia, anhydrous",5922,Export value,2007,2007,1000 USD,39508.37,A
16,'050,Bangladesh,4007,"Ammonia, anhydrous",5922,Export value,2008,2008,1000 USD,62896.14,A
16,'050,Bangladesh,4007,"Ammonia, anhydrous",5922,Export value,2009,2009,1000 USD,18872.65,A
16,'050,Bangladesh,4007,"Ammonia, anhydrous",5922,Export value,2010,2010,1000 USD,16437.06,A
16,'050,Bangladesh,4007,"Ammonia, anhydrous",5922,Export value,2011,2011,1000 USD,23049.4,A
16,'050,Bangladesh,4007,"Ammonia, anhydrous",5922,Export value,2012,2012,1000 USD,36089.07,A
16,'050,Bangladesh,4007,"Ammonia, anhydrous",5922,Export value,2013,2013,1000 USD,7895.57,A
16,'050,Bangladesh,4007,"Ammonia, anhydrous",5922,Export value,2014,2014,1000 USD,9927.95,X
16,'050,Bangladesh,4007,"Ammonia, anhydrous",5922,Export value,2015,2015,1000 USD,11994.94,A
16,'050,Bangladesh,4007,"Ammonia, anhydrous",5922,Export value,2016,2016,1000 USD,12998.09,X
16,'050,Bangladesh,4007,"Ammonia, anhydrous",5922,Export value,2017,2017,1000 USD,6227.0,X
16,'050,Bangladesh,4007,"Ammonia, anhydrous",5922,Export value,2018,2018,1000 USD,14086.63,X
16,'050,Bangladesh,4007,"Ammonia, anhydrous",5922,Export value,2019,2019,1000 USD,10087.88,X
16,'050,Bangladesh,4007,"Ammonia, anhydrous",5922,Export value,2020,2020,1000 USD,15623.17,X
16,'050,Bangladesh,4007,"Ammonia, anhydrous",5922,Export value,2021,2021,1000 USD,66793.05,X
16,'050,Bangladesh,4007,"Ammonia, anhydrous",5922,Export value,2022,2022,1000 USD,43129.66,X
16,'050,Bangladesh,4007,"Ammonia, anhydrous",5922,Export value,2023,2023,1000 USD,10723.99,X
16,'050,Bangladesh,4007,"Ammonia, anhydrous",5922,Export value,2024,2024,1000 USD,16148.12,X
16,'050,Bangladesh,4003,Ammonium nitrate (AN),5610,Import quantity,2002,2002,t,3.6,A
16,'050,Bangladesh,4003,Ammonium nitrate (AN),5610,Import quantity,2003,2003,t,0.01,A
16,'050,Bangladesh,4003,Ammonium nitrate (AN),5610,Import quantity,2004,2004,t,29.67,A
16,'050,Bangladesh,4003,Ammonium nitrate (AN),5610,Import quantity,2005,2005,t,15.55,A
16,'050,Bangladesh,4003,Ammonium nitrate (AN),5610,Import quantity,2006,2006,t,0.21,A
16,'050,Bangladesh,4003,Ammonium nitrate (AN),5610,Import quantity,2007,2007,t,0.04,A
16,'050,Bangladesh,4003,Ammonium nitrate (AN),5610,Import quantity,2008,2008,t,1.01,A
16,'050,Bangladesh,4003,Ammonium nitrate (AN),5610,Import quantity,2009,2009,t,0.7,A
16,'050,Bangladesh,4003,Ammonium nitrate (AN),5610,Import quantity,2010,2010,t,25.0,A
16,'050,Bangladesh,4003,Ammonium nitrate (AN),5610,Import quantity,2011,2011,t,394.17,A
16,'050,Bangladesh,4003,Ammonium nitrate (AN),5610,Import quantity,2012,2012,t,107.5,A
16,'050,Bangladesh,4003,Ammonium nitrate (AN),5610,Import quantity,2013,2013,t,22.03,A
16,'050,Bangladesh,4003,Ammonium nitrate (AN),5610,Import quantity,2014,2014,t,377.99,X
16,'050,Bangladesh,4003,Ammonium nitrate (AN),5610,Import quantity,2015,2015,t,164.0,A
16,'050,Bangladesh,4003,Ammonium nitrate (AN),5610,Import quantity,2016,2016,t,724.59,X
16,'050,Bangladesh,4003,Ammonium nitrate (AN),5610,Import quantity,2017,2017,t,372.85,X
16,'050,Bangladesh,4003,Ammonium nitrate (AN),5610,Import quantity,2018,2018,t,1046.12,X
16,'050,Bangladesh,4003,Ammonium nitrate (AN),5610,Import quantity,2019,2019,t,782.08,X
16,'050,Bangladesh,4003,Ammonium nitrate (AN),5610,Import quantity,2020,2020,t,608.0,X
16,'050,Bangladesh,4003,Ammonium nitrate (AN),5610,Import quantity,2021,2021,t,484.23,X
16,'050,Bangladesh,4003,Ammonium nitrate (AN),5610,Import quantity,2022,2022,t,1094.03,X
16,'050,Bangladesh,4003,Ammonium nitrate (AN),5610,Import quantity,2023,2023,t,752.0,X
16,'050,Bangladesh,4003,Ammonium nitrate (AN),5610,Import quantity,2024,2024,t,758.4,X
16,'050,Bangladesh,4003,Ammonium nitrate (AN),5622,Import value,2002,2002,1000 USD,0.5,A
16,'050,Bangladesh,4003,Ammonium nitrate (AN),5622,Import value,2003,2003,1000 USD,0.28,A
16,'050,Bangladesh,4003,Ammonium nitrate (AN),5622,Import value,2004,2004,1000 USD,3.22,A
16,'050,Bangladesh,4003,Ammonium nitrate (AN),5622,Import value,2005,2005,1000 USD,2.62,A
16,'050,Bangladesh,4003,Ammonium nitrate (AN),5622,Import value,2006,2006,1000 USD,0.63,A
16,'050,Bangladesh,4003,Ammonium nitrate (AN),5622,Import value,2007,2007,1000 USD,0.06,A
16,'050,Bangladesh,4003,Ammonium nitrate (AN),5622,Import value,2008,2008,1000 USD,1.87,A
16,'050,Bangladesh,4003,Ammonium nitrate (AN),5622,Import value,2009,2009,1000 USD,1.95,A
16,'050,Bangladesh,4003,Ammonium nitrate (AN),5622,Import value,2010,2010,1000 USD,21.01,A
16,'050,Bangladesh,4003,Ammonium nitrate (AN),5622,Import value,2011,2011,1000 USD,255.78,A
16,'050,Bangladesh,4003,Ammonium nitrate (AN),5622,Import value,2012,2012,1000 USD,97.5,A
16,'050,Bangladesh,4003,Ammonium nitrate (AN),5622,Import value,2013,2013,1000 USD,16.62,A
16,'050,Bangladesh,4003,Ammonium nitrate (AN),5622,Import value,2014,2014,1000 USD,142.18,X
16,'050,Bangladesh,4003,Ammonium nitrate (AN),5622,Import value,2015,2015,1000 USD,83.48,A
16,'050,Bangladesh,4003,Ammonium nitrate (AN),5622,Import value,2016,2016,1000 USD,260.25,X
16,'050,Bangladesh,4003,Ammonium nitrate (AN),5622,Import value,2017,2017,1000 USD,147.87,X
16,'050,Bangladesh,4003,Ammonium nitrate (AN),5622,Import value,2018,2018,1000 USD,415.82,X
16,'050,Bangladesh,4003,Ammonium nitrate (AN),5622,Import value,2019,2019,1000 USD,298.68,X
16,'050,Bangladesh,4003,Ammonium nitrate (AN),5622,Import value,2020,2020,1000 USD,231.78,X
16,'050,Bangladesh,4003,Ammonium nitrate (AN),5622,Import value,2021,2021,1000 USD,268.54,X
16,'050,Bangladesh,4003,Ammonium nitrate (AN),5622,Import value,2022,2022,1000 USD,881.07,X
16,'050,Bangladesh,4003,Ammonium nitrate (AN),5622,Import value,2023,2023,1000 USD,519.96,X
16,'050,Bangladesh,4003,Ammonium nitrate (AN),5622,Import value,2024,2024,1000 USD,486.33,X
16,'050,Bangladesh,4003,Ammonium nitrate (AN),5910,Export quantity,2003,2003,t,3000.0,A
16,'050,Bangladesh,4003,Ammonium nitrate (AN),5910,Export quantity,2017,2017,t,0.1,X
16,'050,Bangladesh,4003,Ammonium nitrate (AN),5910,Export quantity,2021,2021,t,18.0,X
16,'050,Bangladesh,4003,Ammonium nitrate (AN),5910,Export quantity,2022,2022,t,3.66,X
16,'050,Bangladesh,4003,Ammonium nitrate (AN),5910,Export quantity,2023,2023,t,5.33,X
16,'050,Bangladesh,4003,Ammonium nitrate (AN),5922,Export value,2003,2003,1000 USD,423.01,A
16,'050,Bangladesh,4003,Ammonium nitrate (AN),5922,Export value,2017,2017,1000 USD,1.11,X
16,'050,Bangladesh,4003,Ammonium nitrate (AN),5922,Export value,2021,2021,1000 USD,15.94,X
16,'050,Bangladesh,4003,Ammonium nitrate (AN),5922,Export value,2022,2022,1000 USD,34.62,X
16,'050,Bangladesh,4003,Ammonium nitrate (AN),5922,Export value,2023,2023,1000 USD,3.09,X
16,'050,Bangladesh,4002,Ammonium sulphate,5510,Production,2003,2003,t,7000.0,I
16,'050,Bangladesh,4002,Ammonium sulphate,5510,Production,2004,2004,t,5750.0,A
16,'050,Bangladesh,4002,Ammonium sulphate,5510,Production,2005,2005,t,7750.0,A
16,'050,Bangladesh,4002,Ammonium sulphate,5510,Production,2006,2006,t,4910.0,A
16,'050,Bangladesh,4002,Ammonium sulphate,5510,Production,2007,2007,t,5000.0,A
16,'050,Bangladesh,4002,Ammonium sulphate,5610,Import quantity,2002,2002,t,11950.1,X
16,'050,Bangladesh,4002,Ammonium sulphate,5610,Import quantity,2003,2003,t,7821.73,A
16,'050,Bangladesh,4002,Ammonium sulphate,5610,Import quantity,2004,2004,t,7252.86,X
16,'050,Bangladesh,4002,Ammonium sulphate,5610,Import quantity,2005,2005,t,5856.8,A
16,'050,Bangladesh,4002,Ammonium sulphate,5610,Import quantity,2006,2006,t,10722.27,A
16,'050,Bangladesh,4002,Ammonium sulphate,5610,Import quantity,2007,2007,t,7014.1,A
16,'050,Bangladesh,4002,Ammonium sulphate,5610,Import quantity,2008,2008,t,8533.92,A
16,'050,Bangladesh,4002,Ammonium sulphate,5610,Import quantity,2009,2009,t,1099.37,X
16,'050,Bangladesh,4002,Ammonium sulphate,5610,Import quantity,2010,2010,t,6059.28,A
16,'050,Bangladesh,4002,Ammonium sulphate,5610,Import quantity,2011,2011,t,2156.33,A
16,'050,Bangladesh,4002,Ammonium sulphate,5610,Import quantity,2012,2012,t,3929.83,A
16,'050,Bangladesh,4002,Ammonium sulphate,5610,Import quantity,2013,2013,t,4469.93,A
16,'050,Bangladesh,4002,Ammonium sulphate,5610,Import quantity,2014,2014,t,14155.04,X
16,'050,Bangladesh,4002,Ammonium sulphate,5610,Import quantity,2015,2015,t,10545.04,A
16,'050,Bangladesh,4002,Ammonium sulphate,5610,Import quantity,2016,2016,t,8062.35,X
16,'050,Bangladesh,4002,Ammonium sulphate,5610,Import quantity,2017,2017,t,18325.88,X
16,'050,Bangladesh,4002,Ammonium sulphate,5610,Import quantity,2018,2018,t,26195.71,X
16,'050,Bangladesh,4002,Ammonium sulphate,5610,Import quantity,2019,2019,t,21992.97,X
16,'050,Bangladesh,4002,Ammonium sulphate,5610,Import quantity,2020,2020,t,27246.01,X
16,'050,Bangladesh,4002,Ammonium sulphate,5610,Import quantity,2021,2021,t,19190.41,X
16,'050,Bangladesh,4002,Ammonium sulphate,5610,Import quantity,2022,2022,t,14971.81,X
16,'050,Bangladesh,4002,Ammonium sulphate,5610,Import quantity,2023,2023,t,11833.59,X
16,'050,Bangladesh,4002,Ammonium sulphate,5610,Import quantity,2024,2024,t,14844.05,X
16,'050,Bangladesh,4002,Ammonium sulphate,5622,Import value,2002,2002,1000 USD,1302.6,A
16,'050,Bangladesh,4002,Ammonium sulphate,5622,Import value,2003,2003,1000 USD,796.95,A
16,'050,Bangladesh,4002,Ammonium sulphate,5622,Import value,2004,2004,1000 USD,1099.02,A
16,'050,Bangladesh,4002,Ammonium sulphate,5622,Import value,2005,2005,1000 USD,800.12,A
16,'050,Bangladesh,4002,Ammonium sulphate,5622,Import value,2006,2006,1000 USD,1402.35,A
16,'050,Bangladesh,4002,Ammonium sulphate,5622,Import value,2007,2007,1000 USD,1154.36,A
16,'050,Bangladesh,4002,Ammonium sulphate,5622,Import value,2008,2008,1000 USD,2480.03,A
16,'050,Bangladesh,4002,Ammonium sulphate,5622,Import value,2009,2009,1000 USD,237.51,A
16,'050,Bangladesh,4002,Ammonium sulphate,5622,Import value,2010,2010,1000 USD,1393.52,A
16,'050,Bangladesh,4002,Ammonium sulphate,5622,Import value,2011,2011,1000 USD,540.64,A
16,'050,Bangladesh,4002,Ammonium sulphate,5622,Import value,2012,2012,1000 USD,1215.83,A
16,'050,Bangladesh,4002,Ammonium sulphate,5622,Import value,2013,2013,1000 USD,1148.59,A
16,'050,Bangladesh,4002,Ammonium sulphate,5622,Import value,2014,2014,1000 USD,1855.75,X
16,'050,Bangladesh,4002,Ammonium sulphate,5622,Import value,2015,2015,1000 USD,2299.3,A
16,'050,Bangladesh,4002,Ammonium sulphate,5622,Import value,2016,2016,1000 USD,1345.31,X
16,'050,Bangladesh,4002,Ammonium sulphate,5622,Import value,2017,2017,1000 USD,2318.27,X
16,'050,Bangladesh,4002,Ammonium sulphate,5622,Import value,2018,2018,1000 USD,3576.24,X
16,'050,Bangladesh,4002,Ammonium sulphate,5622,Import value,2019,2019,1000 USD,2841.35,X
16,'050,Bangladesh,4002,Ammonium sulphate,5622,Import value,2020,2020,1000 USD,2886.03,X
16,'050,Bangladesh,4002,Ammonium sulphate,5622,Import value,2021,2021,1000 USD,3571.43,X
16,'050,Bangladesh,4002,Ammonium sulphate,5622,Import value,2022,2022,1000 USD,3527.42,X
16,'050,Bangladesh,4002,Ammonium sulphate,5622,Import value,2023,2023,1000 USD,2196.88,X
16,'050,Bangladesh,4002,Ammonium sulphate,5622,Import value,2024,2024,1000 USD,2329.42,X
16,'050,Bangladesh,4002,Ammonium sulphate,5910,Export quantity,2003,2003,t,4500.0,A
16,'050,Bangladesh,4002,Ammonium sulphate,5922,Export value,2003,2003,1000 USD,801.72,A
16,'050,Bangladesh,4002,Ammonium sulphate,5157,Agricultural Use,2003,2003,t,7000.0,I
16,'050,Bangladesh,4002,Ammonium sulphate,5157,Agricultural Use,2004,2004,t,5750.0,I
16,'050,Bangladesh,4002,Ammonium sulphate,5157,Agricultural Use,2005,2005,t,7750.0,I
16,'050,Bangladesh,4002,Ammonium sulphate,5157,Agricultural Use,2006,2006,t,4910.0,I
16,'050,Bangladesh,4004,Calcium ammonium nitrate (CAN) and other mixtures with calcium carbonate,5610,Import quantity,2012,2012,t,0.7,A
16,'050,Bangladesh,4004,Calcium ammonium nitrate (CAN) and other mixtures with calcium carbonate,5610,Import quantity,2013,2013,t,0.2,A
16,'050,Bangladesh,4004,Calcium ammonium nitrate (CAN) and other mixtures with calcium carbonate,5610,Import quantity,2015,2015,t,0.01,X
16,'050,Bangladesh,4004,Calcium ammonium nitrate (CAN) and other mixtures with calcium carbonate,5610,Import quantity,2017,2017,t,21.0,X
16,'050,Bangladesh,4004,Calcium ammonium nitrate (CAN) and other mixtures with calcium carbonate,5622,Import value,2012,2012,1000 USD,1.83,A
16,'050,Bangladesh,4004,Calcium ammonium nitrate (CAN) and other mixtures with calcium carbonate,5622,Import value,2013,2013,1000 USD,0.53,A
16,'050,Bangladesh,4004,Calcium ammonium nitrate (CAN) and other mixtures with calcium carbonate,5622,Import value,2015,2015,1000 USD,0.01,A
16,'050,Bangladesh,4004,Calcium ammonium nitrate (CAN) and other mixtures with calcium carbonate,5622,Import value,2017,2017,1000 USD,2.31,X
16,'050,Bangladesh,4004,Calcium ammonium nitrate (CAN) and other mixtures with calcium carbonate,5910,Export quantity,2002,2002,t,13482.0,A
16,'050,Bangladesh,4004,Calcium ammonium nitrate (CAN) and other mixtures with calcium carbonate,5922,Export value,2002,2002,1000 USD,1481.74,A
16,'050,Bangladesh,4022,Diammonium phosphate (DAP),5510,Production,2008,2008,t,80000.0,A
16,'050,Bangladesh,4022,Diammonium phosphate (DAP),5510,Production,2009,2009,t,29000.0,A
16,'050,Bangladesh,4022,Diammonium phosphate (DAP),5510,Production,2010,2010,t,32000.0,A
16,'050,Bangladesh,4022,Diammonium phosphate (DAP),5510,Production,2011,2011,t,40000.0,A
16,'050,Bangladesh,4022,Diammonium phosphate (DAP),5510,Production,2012,2012,t,48000.0,A
16,'050,Bangladesh,4022,Diammonium phosphate (DAP),5510,Production,2013,2013,t,28000.0,A
16,'050,Bangladesh,4022,Diammonium phosphate (DAP),5510,Production,2014,2014,t,48000.0,A
16,'050,Bangladesh,4022,Diammonium phosphate (DAP),5510,Production,2015,2015,t,63000.0,A
16,'050,Bangladesh,4022,Diammonium phosphate (DAP),5510,Production,2016,2016,t,102000.0,A
16,'050,Bangladesh,4022,Diammonium phosphate (DAP),5510,Production,2017,2017,t,59000.0,A
16,'050,Bangladesh,4022,Diammonium phosphate (DAP),5510,Production,2018,2018,t,54000.0,A
16,'050,Bangladesh,4022,Diammonium phosphate (DAP),5510,Production,2019,2019,t,76000.0,A
16,'050,Bangladesh,4022,Diammonium phosphate (DAP),5510,Production,2021,2021,t,102000.0,A
16,'050,Bangladesh,4022,Diammonium phosphate (DAP),5510,Production,2022,2022,t,86000.0,A
16,'050,Bangladesh,4022,Diammonium phosphate (DAP),5510,Production,2023,2023,t,92000.0,A
16,'050,Bangladesh,4022,Diammonium phosphate (DAP),5510,Production,2024,2024,t,49000.0,A
16,'050,Bangladesh,4022,Diammonium phosphate (DAP),5610,Import quantity,2002,2002,t,169335.46,X
16,'050,Bangladesh,4022,Diammonium phosphate (DAP),5610,Import quantity,2003,2003,t,98354.23,A
16,'050,Bangladesh,4022,Diammonium phosphate (DAP),5610,Import quantity,2004,2004,t,238153.96,A
16,'050,Bangladesh,4022,Diammonium phosphate (DAP),5610,Import quantity,2005,2005,t,469430.2,A
16,'050,Bangladesh,4022,Diammonium phosphate (DAP),5610,Import quantity,2006,2006,t,55312.21,A
16,'050,Bangladesh,4022,Diammonium phosphate (DAP),5610,Import quantity,2007,2007,t,7501.06,A
16,'050,Bangladesh,4022,Diammonium phosphate (DAP),5610,Import quantity,2008,2008,t,37947.19,A
16,'050,Bangladesh,4022,Diammonium phosphate (DAP),5610,Import quantity,2009,2009,t,164921.62,A
16,'050,Bangladesh,4022,Diammonium phosphate (DAP),5610,Import quantity,2010,2010,t,261559.92,A
16,'050,Bangladesh,4022,Diammonium phosphate (DAP),5610,Import quantity,2011,2011,t,584542.25,A
16,'050,Bangladesh,4022,Diammonium phosphate (DAP),5610,Import quantity,2012,2012,t,272335.74,A
16,'050,Bangladesh,4022,Diammonium phosphate (DAP),5610,Import quantity,2013,2013,t,493247.14,A
16,'050,Bangladesh,4022,Diammonium phosphate (DAP),5610,Import quantity,2014,2014,t,481084.13,X
16,'050,Bangladesh,4022,Diammonium phosphate (DAP),5610,Import quantity,2015,2015,t,576376.96,A
16,'050,Bangladesh,4022,Diammonium phosphate (DAP),5610,Import quantity,2016,2016,t,392012.86,X
16,'050,Bangladesh,4022,Diammonium phosphate (DAP),5610,Import quantity,2017,2017,t,350637.82,X
16,'050,Bangladesh,4022,Diammonium phosphate (DAP),5610,Import quantity,2018,2018,t,514161.9,X
16,'050,Bangladesh,4022,Diammonium phosphate (DAP),5610,Import quantity,2019,2019,t,316068.84,X
16,'050,Bangladesh,4022,Diammonium phosphate (DAP),5610,Import quantity,2020,2020,t,721867.04,X
16,'050,Bangladesh,4022,Diammonium phosphate (DAP),5610,Import quantity,2021,2021,t,1404316.71,X
16,'050,Bangladesh,4022,Diammonium phosphate (DAP),5610,Import quantity,2022,2022,t,1452760.63,X
16,'050,Bangladesh,4022,Diammonium phosphate (DAP),5610,Import quantity,2023,2023,t,856210.44,X
16,'050,Bangladesh,4022,Diammonium phosphate (DAP),5610,Import quantity,2024,2024,t,2207010.07,X
16,'050,Bangladesh,4022,Diammonium phosphate (DAP),5622,Import value,2002,2002,1000 USD,17657.3,A
16,'050,Bangladesh,4022,Diammonium phosphate (DAP),5622,Import value,2003,2003,1000 USD,20491.74,A
16,'050,Bangladesh,4022,Diammonium phosphate (DAP),5622,Import value,2004,2004,1000 USD,37447.54,A
16,'050,Bangladesh,4022,Diammonium phosphate (DAP),5622,Import value,2005,2005,1000 USD,65868.65,A
16,'050,Bangladesh,4022,Diammonium phosphate (DAP),5622,Import value,2006,2006,1000 USD,21450.96,A
16,'050,Bangladesh,4022,Diammonium phosphate (DAP),5622,Import value,2007,2007,1000 USD,2551.18,A
16,'050,Bangladesh,4022,Diammonium phosphate (DAP),5622,Import value,2008,2008,1000 USD,13381.21,A
16,'050,Bangladesh,4022,Diammonium phosphate (DAP),5622,Import value,2009,2009,1000 USD,69937.35,A
16,'050,Bangladesh,4022,Diammonium phosphate (DAP),5622,Import value,2010,2010,1000 USD,136442.2,A
16,'050,Bangladesh,4022,Diammonium phosphate (DAP),5622,Import value,2011,2011,1000 USD,426183.62,A
16,'050,Bangladesh,4022,Diammonium phosphate (DAP),5622,Import value,2012,2012,1000 USD,178304.19,A
16,'050,Bangladesh,4022,Diammonium phosphate (DAP),5622,Import value,2013,2013,1000 USD,293793.41,A
16,'050,Bangladesh,4022,Diammonium phosphate (DAP),5622,Import value,2014,2014,1000 USD,229647.7,X
16,'050,Bangladesh,4022,Diammonium phosphate (DAP),5622,Import value,2015,2015,1000 USD,298683.5,A
16,'050,Bangladesh,4022,Diammonium phosphate (DAP),5622,Import value,2016,2016,1000 USD,153352.39,X
16,'050,Bangladesh,4022,Diammonium phosphate (DAP),5622,Import value,2017,2017,1000 USD,120900.35,X
16,'050,Bangladesh,4022,Diammonium phosphate (DAP),5622,Import value,2018,2018,1000 USD,212168.39,X
16,'050,Bangladesh,4022,Diammonium phosphate (DAP),5622,Import value,2019,2019,1000 USD,105567.03,X
16,'050,Bangladesh,4022,Diammonium phosphate (DAP),5622,Import value,2020,2020,1000 USD,225985.92,X
16,'050,Bangladesh,4022,Diammonium phosphate (DAP),5622,Import value,2021,2021,1000 USD,863648.57,X
16,'050,Bangladesh,4022,Diammonium phosphate (DAP),5622,Import value,2022,2022,1000 USD,1279929.17,X
16,'050,Bangladesh,4022,Diammonium phosphate (DAP),5622,Import value,2023,2023,1000 USD,501729.21,X
16,'050,Bangladesh,4022,Diammonium phosphate (DAP),5622,Import value,2024,2024,1000 USD,1219799.32,X
16,'050,Bangladesh,4022,Diammonium phosphate (DAP),5157,Agricultural Use,2002,2002,t,251930.0,A
16,'050,Bangladesh,4022,Diammonium phosphate (DAP),5157,Agricultural Use,2003,2003,t,118470.0,I
16,'050,Bangladesh,4022,Diammonium phosphate (DAP),5157,Agricultural Use,2004,2004,t,101000.0,I
16,'050,Bangladesh,4022,Diammonium phosphate (DAP),5157,Agricultural Use,2005,2005,t,175950.0,I
16,'050,Bangladesh,4022,Diammonium phosphate (DAP),5157,Agricultural Use,2006,2006,t,125190.0,I
16,'050,Bangladesh,4022,Diammonium phosphate (DAP),5157,Agricultural Use,2008,2008,t,89000.0,A
16,'050,Bangladesh,4022,Diammonium phosphate (DAP),5157,Agricultural Use,2009,2009,t,36000.0,I
16,'050,Bangladesh,4022,Diammonium phosphate (DAP),5157,Agricultural Use,2010,2010,t,181000.0,I
16,'050,Bangladesh,4022,Diammonium phosphate (DAP),5157,Agricultural Use,2011,2011,t,305000.0,A
16,'050,Bangladesh,4022,Diammonium phosphate (DAP),5157,Agricultural Use,2012,2012,t,409000.0,A
16,'050,Bangladesh,4022,Diammonium phosphate (DAP),5157,Agricultural Use,2013,2013,t,434000.0,A
16,'050,Bangladesh,4022,Diammonium phosphate (DAP),5157,Agricultural Use,2014,2014,t,543000.0,A
16,'050,Bangladesh,4022,Diammonium phosphate (DAP),5157,Agricultural Use,2015,2015,t,597000.0,A
16,'050,Bangladesh,4022,Diammonium phosphate (DAP),5157,Agricultural Use,2016,2016,t,658000.0,A
16,'050,Bangladesh,4022,Diammonium phosphate (DAP),5157,Agricultural Use,2017,2017,t,689000.0,A
16,'050,Bangladesh,4022,Diammonium phosphate (DAP),5157,Agricultural Use,2018,2018,t,763000.0,A
16,'050,Bangladesh,4022,Diammonium phosphate (DAP),5157,Agricultural Use,2019,2019,t,962000.0,A
16,'050,Bangladesh,4022,Diammonium phosphate (DAP),5157,Agricultural Use,2020,2020,t,924000.0,A
16,'050,Bangladesh,4022,Diammonium phosphate (DAP),5157,Agricultural Use,2021,2021,t,1685000.0,A
16,'050,Bangladesh,4022,Diammonium phosphate (DAP),5157,Agricultural Use,2022,2022,t,1442000.0,A
16,'050,Bangladesh,4022,Diammonium phosphate (DAP),5157,Agricultural Use,2023,2023,t,1494000.0,A
16,'050,Bangladesh,4022,Diammonium phosphate (DAP),5157,Agricultural Use,2024,2024,t,1507000.0,A
16,'050,Bangladesh,4030,Fertilizers n.e.c.,5610,Import quantity,2002,2002,t,2713.04,X
16,'050,Bangladesh,4030,Fertilizers n.e.c.,5610,Import quantity,2003,2003,t,10454.87,A
16,'050,Bangladesh,4030,Fertilizers n.e.c.,5610,Import quantity,2004,2004,t,513.23,A
16,'050,Bangladesh,4030,Fertilizers n.e.c.,5610,Import quantity,2005,2005,t,1025.71,A
16,'050,Bangladesh,4030,Fertilizers n.e.c.,5610,Import quantity,2006,2006,t,111.03,A
16,'050,Bangladesh,4030,Fertilizers n.e.c.,5610,Import quantity,2007,2007,t,1520.01,A
16,'050,Bangladesh,4030,Fertilizers n.e.c.,5610,Import quantity,2008,2008,t,1559.75,A
16,'050,Bangladesh,4030,Fertilizers n.e.c.,5610,Import quantity,2009,2009,t,255.78,A
16,'050,Bangladesh,4030,Fertilizers n.e.c.,5610,Import quantity,2010,2010,t,1076.77,A
16,'050,Bangladesh,4030,Fertilizers n.e.c.,5610,Import quantity,2011,2011,t,6077.0,A
16,'050,Bangladesh,4030,Fertilizers n.e.c.,5610,Import quantity,2012,2012,t,8403.83,A
16,'050,Bangladesh,4030,Fertilizers n.e.c.,5610,Import quantity,2013,2013,t,5440.09,A
16,'050,Bangladesh,4030,Fertilizers n.e.c.,5610,Import quantity,2014,2014,t,29222.13,X
16,'050,Bangladesh,4030,Fertilizers n.e.c.,5610,Import quantity,2015,2015,t,2439.09,A
16,'050,Bangladesh,4030,Fertilizers n.e.c.,5610,Import quantity,2016,2016,t,1479.26,X
16,'050,Bangladesh,4030,Fertilizers n.e.c.,5610,Import quantity,2017,2017,t,12532.16,X
16,'050,Bangladesh,4030,Fertilizers n.e.c.,5610,Import quantity,2018,2018,t,17439.11,X
16,'050,Bangladesh,4030,Fertilizers n.e.c.,5610,Import quantity,2019,2019,t,25058.1,X
16,'050,Bangladesh,4030,Fertilizers n.e.c.,5610,Import quantity,2020,2020,t,9866.35,X
16,'050,Bangladesh,4030,Fertilizers n.e.c.,5610,Import quantity,2021,2021,t,9899.89,X
16,'050,Bangladesh,4030,Fertilizers n.e.c.,5610,Import quantity,2022,2022,t,3200.64,X
16,'050,Bangladesh,4030,Fertilizers n.e.c.,5610,Import quantity,2023,2023,t,349.96,X
16,'050,Bangladesh,4030,Fertilizers n.e.c.,5610,Import quantity,2024,2024,t,1445.72,X
16,'050,Bangladesh,4030,Fertilizers n.e.c.,5622,Import value,2002,2002,1000 USD,211.7,A
16,'050,Bangladesh,4030,Fertilizers n.e.c.,5622,Import value,2003,2003,1000 USD,1649.13,A
16,'050,Bangladesh,4030,Fertilizers n.e.c.,5622,Import value,2004,2004,1000 USD,70.3,A
16,'050,Bangladesh,4030,Fertilizers n.e.c.,5622,Import value,2005,2005,1000 USD,223.9,A
16,'050,Bangladesh,4030,Fertilizers n.e.c.,5622,Import value,2006,2006,1000 USD,247.53,A
16,'050,Bangladesh,4030,Fertilizers n.e.c.,5622,Import value,2007,2007,1000 USD,376.35,A
16,'050,Bangladesh,4030,Fertilizers n.e.c.,5622,Import value,2008,2008,1000 USD,810.27,A
16,'050,Bangladesh,4030,Fertilizers n.e.c.,5622,Import value,2009,2009,1000 USD,523.21,A
16,'050,Bangladesh,4030,Fertilizers n.e.c.,5622,Import value,2010,2010,1000 USD,1249.73,A
16,'050,Bangladesh,4030,Fertilizers n.e.c.,5622,Import value,2011,2011,1000 USD,2728.69,A
16,'050,Bangladesh,4030,Fertilizers n.e.c.,5622,Import value,2012,2012,1000 USD,3471.78,A
16,'050,Bangladesh,4030,Fertilizers n.e.c.,5622,Import value,2013,2013,1000 USD,2589.54,A
16,'050,Bangladesh,4030,Fertilizers n.e.c.,5622,Import value,2014,2014,1000 USD,3918.04,X
16,'050,Bangladesh,4030,Fertilizers n.e.c.,5622,Import value,2015,2015,1000 USD,561.9,A
16,'050,Bangladesh,4030,Fertilizers n.e.c.,5622,Import value,2016,2016,1000 USD,4204.4,X
16,'050,Bangladesh,4030,Fertilizers n.e.c.,5622,Import value,2017,2017,1000 USD,1978.82,X
16,'050,Bangladesh,4030,Fertilizers n.e.c.,5622,Import value,2018,2018,1000 USD,3094.06,X
16,'050,Bangladesh,4030,Fertilizers n.e.c.,5622,Import value,2019,2019,1000 USD,6181.96,X
16,'050,Bangladesh,4030,Fertilizers n.e.c.,5622,Import value,2020,2020,1000 USD,3289.13,X
16,'050,Bangladesh,4030,Fertilizers n.e.c.,5622,Import value,2021,2021,1000 USD,1506.99,X
16,'050,Bangladesh,4030,Fertilizers n.e.c.,5622,Import value,2022,2022,1000 USD,996.06,X
16,'050,Bangladesh,4030,Fertilizers n.e.c.,5622,Import value,2023,2023,1000 USD,823.69,X
16,'050,Bangladesh,4030,Fertilizers n.e.c.,5622,Import value,2024,2024,1000 USD,1484.8,X
16,'050,Bangladesh,4030,Fertilizers n.e.c.,5910,Export quantity,2004,2004,t,2.93,A
16,'050,Bangladesh,4030,Fertilizers n.e.c.,5910,Export quantity,2007,2007,t,2.0,A
16,'050,Bangladesh,4030,Fertilizers n.e.c.,5910,Export quantity,2008,2008,t,26.39,A
16,'050,Bangladesh,4030,Fertilizers n.e.c.,5910,Export quantity,2011,2011,t,0.02,A
16,'050,Bangladesh,4030,Fertilizers n.e.c.,5910,Export quantity,2012,2012,t,0.02,A
16,'050,Bangladesh,4030,Fertilizers n.e.c.,5910,Export quantity,2013,2013,t,0.44,A
16,'050,Bangladesh,4030,Fertilizers n.e.c.,5910,Export quantity,2014,2014,t,0.48,X
16,'050,Bangladesh,4030,Fertilizers n.e.c.,5910,Export quantity,2016,2016,t,0.01,X
16,'050,Bangladesh,4030,Fertilizers n.e.c.,5910,Export quantity,2017,2017,t,0.0,X
16,'050,Bangladesh,4030,Fertilizers n.e.c.,5910,Export quantity,2018,2018,t,0.05,X
16,'050,Bangladesh,4030,Fertilizers n.e.c.,5910,Export quantity,2019,2019,t,0.0,X
16,'050,Bangladesh,4030,Fertilizers n.e.c.,5910,Export quantity,2020,2020,t,0.01,X
16,'050,Bangladesh,4030,Fertilizers n.e.c.,5910,Export quantity,2021,2021,t,0.48,X
16,'050,Bangladesh,4030,Fertilizers n.e.c.,5910,Export quantity,2022,2022,t,5.19,X
16,'050,Bangladesh,4030,Fertilizers n.e.c.,5910,Export quantity,2023,2023,t,0.7,X
16,'050,Bangladesh,4030,Fertilizers n.e.c.,5910,Export quantity,2024,2024,t,0.76,X
16,'050,Bangladesh,4030,Fertilizers n.e.c.,5922,Export value,2004,2004,1000 USD,0.39,A
16,'050,Bangladesh,4030,Fertilizers n.e.c.,5922,Export value,2007,2007,1000 USD,13.9,A
16,'050,Bangladesh,4030,Fertilizers n.e.c.,5922,Export value,2008,2008,1000 USD,27.32,A
16,'050,Bangladesh,4030,Fertilizers n.e.c.,5922,Export value,2011,2011,1000 USD,0.02,A
16,'050,Bangladesh,4030,Fertilizers n.e.c.,5922,Export value,2012,2012,1000 USD,0.48,A
16,'050,Bangladesh,4030,Fertilizers n.e.c.,5922,Export value,2013,2013,1000 USD,1.7,A
16,'050,Bangladesh,4030,Fertilizers n.e.c.,5922,Export value,2014,2014,1000 USD,1.58,X
16,'050,Bangladesh,4030,Fertilizers n.e.c.,5922,Export value,2016,2016,1000 USD,0.28,X
16,'050,Bangladesh,4030,Fertilizers n.e.c.,5922,Export value,2017,2017,1000 USD,0.0,X
16,'050,Bangladesh,4030,Fertilizers n.e.c.,5922,Export value,2018,2018,1000 USD,0.08,X
16,'050,Bangladesh,4030,Fertilizers n.e.c.,5922,Export value,2019,2019,1000 USD,0.0,X
16,'050,Bangladesh,4030,Fertilizers n.e.c.,5922,Export value,2020,2020,1000 USD,0.03,X
16,'050,Bangladesh,4030,Fertilizers n.e.c.,5922,Export value,2021,2021,1000 USD,3.39,X
16,'050,Bangladesh,4030,Fertilizers n.e.c.,5922,Export value,2022,2022,1000 USD,52.77,X
16,'050,Bangladesh,4030,Fertilizers n.e.c.,5922,Export value,2023,2023,1000 USD,5.06,X
16,'050,Bangladesh,4030,Fertilizers n.e.c.,5922,Export value,2024,2024,1000 USD,5.53,X
16,'050,Bangladesh,4023,Monoammonium phosphate (MAP),5610,Import quantity,2002,2002,t,5769.89,X
16,'050,Bangladesh,4023,Monoammonium phosphate (MAP),5610,Import quantity,2003,2003,t,45.91,A
16,'050,Bangladesh,4023,Monoammonium phosphate (MAP),5610,Import quantity,2004,2004,t,0.45,A
16,'050,Bangladesh,4023,Monoammonium phosphate (MAP),5610,Import quantity,2005,2005,t,0.11,A
16,'050,Bangladesh,4023,Monoammonium phosphate (MAP),5610,Import quantity,2006,2006,t,0.04,A
16,'050,Bangladesh,4023,Monoammonium phosphate (MAP),5610,Import quantity,2007,2007,t,0.86,A
16,'050,Bangladesh,4023,Monoammonium phosphate (MAP),5610,Import quantity,2008,2008,t,0.13,A
16,'050,Bangladesh,4023,Monoammonium phosphate (MAP),5610,Import quantity,2009,2009,t,4000.13,A
16,'050,Bangladesh,4023,Monoammonium phosphate (MAP),5610,Import quantity,2010,2010,t,11500.15,A
16,'050,Bangladesh,4023,Monoammonium phosphate (MAP),5610,Import quantity,2011,2011,t,323.21,A
16,'050,Bangladesh,4023,Monoammonium phosphate (MAP),5610,Import quantity,2012,2012,t,2.07,A
16,'050,Bangladesh,4023,Monoammonium phosphate (MAP),5610,Import quantity,2013,2013,t,19096.64,A
16,'050,Bangladesh,4023,Monoammonium phosphate (MAP),5610,Import quantity,2014,2014,t,6999.07,X
16,'050,Bangladesh,4023,Monoammonium phosphate (MAP),5610,Import quantity,2015,2015,t,12250.02,A
16,'050,Bangladesh,4023,Monoammonium phosphate (MAP),5610,Import quantity,2016,2016,t,8570.84,X
16,'050,Bangladesh,4023,Monoammonium phosphate (MAP),5610,Import quantity,2017,2017,t,20057.59,X
16,'050,Bangladesh,4023,Monoammonium phosphate (MAP),5610,Import quantity,2018,2018,t,22008.75,X
16,'050,Bangladesh,4023,Monoammonium phosphate (MAP),5610,Import quantity,2019,2019,t,20909.66,X
16,'050,Bangladesh,4023,Monoammonium phosphate (MAP),5610,Import quantity,2020,2020,t,34928.52,X
16,'050,Bangladesh,4023,Monoammonium phosphate (MAP),5610,Import quantity,2021,2021,t,20052.63,X
16,'050,Bangladesh,4023,Monoammonium phosphate (MAP),5610,Import quantity,2022,2022,t,15011.95,X
16,'050,Bangladesh,4023,Monoammonium phosphate (MAP),5610,Import quantity,2023,2023,t,15016.69,X
16,'050,Bangladesh,4023,Monoammonium phosphate (MAP),5610,Import quantity,2024,2024,t,16506.35,X
16,'050,Bangladesh,4023,Monoammonium phosphate (MAP),5622,Import value,2002,2002,1000 USD,1711.84,A
16,'050,Bangladesh,4023,Monoammonium phosphate (MAP),5622,Import value,2003,2003,1000 USD,4.74,A
16,'050,Bangladesh,4023,Monoammonium phosphate (MAP),5622,Import value,2004,2004,1000 USD,0.05,A
16,'050,Bangladesh,4023,Monoammonium phosphate (MAP),5622,Import value,2005,2005,1000 USD,0.4,A
16,'050,Bangladesh,4023,Monoammonium phosphate (MAP),5622,Import value,2006,2006,1000 USD,0.34,A
16,'050,Bangladesh,4023,Monoammonium phosphate (MAP),5622,Import value,2007,2007,1000 USD,10.22,A
16,'050,Bangladesh,4023,Monoammonium phosphate (MAP),5622,Import value,2008,2008,1000 USD,1.05,A
16,'050,Bangladesh,4023,Monoammonium phosphate (MAP),5622,Import value,2009,2009,1000 USD,1409.99,A
16,'050,Bangladesh,4023,Monoammonium phosphate (MAP),5622,Import value,2010,2010,1000 USD,5242.88,A
16,'050,Bangladesh,4023,Monoammonium phosphate (MAP),5622,Import value,2011,2011,1000 USD,226.89,A
16,'050,Bangladesh,4023,Monoammonium phosphate (MAP),5622,Import value,2012,2012,1000 USD,2.29,A
16,'050,Bangladesh,4023,Monoammonium phosphate (MAP),5622,Import value,2013,2013,1000 USD,10073.83,A
16,'050,Bangladesh,4023,Monoammonium phosphate (MAP),5622,Import value,2014,2014,1000 USD,2997.26,X
16,'050,Bangladesh,4023,Monoammonium phosphate (MAP),5622,Import value,2015,2015,1000 USD,6165.4,A
16,'050,Bangladesh,4023,Monoammonium phosphate (MAP),5622,Import value,2016,2016,1000 USD,4329.03,X
16,'050,Bangladesh,4023,Monoammonium phosphate (MAP),5622,Import value,2017,2017,1000 USD,5945.94,X
16,'050,Bangladesh,4023,Monoammonium phosphate (MAP),5622,Import value,2018,2018,1000 USD,8295.62,X
16,'050,Bangladesh,4023,Monoammonium phosphate (MAP),5622,Import value,2019,2019,1000 USD,6680.48,X
16,'050,Bangladesh,4023,Monoammonium phosphate (MAP),5622,Import value,2020,2020,1000 USD,16441.68,X
16,'050,Bangladesh,4023,Monoammonium phosphate (MAP),5622,Import value,2021,2021,1000 USD,11112.94,X
16,'050,Bangladesh,4023,Monoammonium phosphate (MAP),5622,Import value,2022,2022,1000 USD,11484.36,X
16,'050,Bangladesh,4023,Monoammonium phosphate (MAP),5622,Import value,2023,2023,1000 USD,6345.47,X
16,'050,Bangladesh,4023,Monoammonium phosphate (MAP),5622,Import value,2024,2024,1000 USD,8690.62,X
16,'050,Bangladesh,4023,Monoammonium phosphate (MAP),5910,Export quantity,2016,2016,t,50.0,X
16,'050,Bangladesh,4023,Monoammonium phosphate (MAP),5922,Export value,2016,2016,1000 USD,33.2,X
16,'050,Bangladesh,4021,NPK fertilizers,5510,Production,2004,2004,t,57000.0,A
16,'050,Bangladesh,4021,NPK fertilizers,5510,Production,2005,2005,t,100000.0,A
16,'050,Bangladesh,4021,NPK fertilizers,5510,Production,2006,2006,t,125000.0,A
16,'050,Bangladesh,4021,NPK fertilizers,5610,Import quantity,2002,2002,t,5001.74,A
16,'050,Bangladesh,4021,NPK fertilizers,5610,Import quantity,2003,2003,t,105.39,A
16,'050,Bangladesh,4021,NPK fertilizers,5610,Import quantity,2004,2004,t,1037.53,A
16,'050,Bangladesh,4021,NPK fertilizers,5610,Import quantity,2005,2005,t,99.21,A
16,'050,Bangladesh,4021,NPK fertilizers,5610,Import quantity,2006,2006,t,469.87,A
16,'050,Bangladesh,4021,NPK fertilizers,5610,Import quantity,2007,2007,t,216.69,A
16,'050,Bangladesh,4021,NPK fertilizers,5610,Import quantity,2008,2008,t,337.35,A
16,'050,Bangladesh,4021,NPK fertilizers,5610,Import quantity,2009,2009,t,99.39,A
16,'050,Bangladesh,4021,NPK fertilizers,5610,Import quantity,2010,2010,t,1703.4,A
16,'050,Bangladesh,4021,NPK fertilizers,5610,Import quantity,2011,2011,t,238.08,A
16,'050,Bangladesh,4021,NPK fertilizers,5610,Import quantity,2012,2012,t,501.46,A
16,'050,Bangladesh,4021,NPK fertilizers,5610,Import quantity,2013,2013,t,1021.49,A
16,'050,Bangladesh,4021,NPK fertilizers,5610,Import quantity,2014,2014,t,217.08,X
16,'050,Bangladesh,4021,NPK fertilizers,5610,Import quantity,2016,2016,t,126.39,X
16,'050,Bangladesh,4021,NPK fertilizers,5610,Import quantity,2017,2017,t,4298.26,X
16,'050,Bangladesh,4021,NPK fertilizers,5610,Import quantity,2018,2018,t,2765.36,X
16,'050,Bangladesh,4021,NPK fertilizers,5610,Import quantity,2019,2019,t,149.64,X
16,'050,Bangladesh,4021,NPK fertilizers,5610,Import quantity,2020,2020,t,159.45,X
16,'050,Bangladesh,4021,NPK fertilizers,5610,Import quantity,2021,2021,t,210.33,X
16,'050,Bangladesh,4021,NPK fertilizers,5610,Import quantity,2022,2022,t,101.68,X
16,'050,Bangladesh,4021,NPK fertilizers,5610,Import quantity,2023,2023,t,105.68,X
16,'050,Bangladesh,4021,NPK fertilizers,5610,Import quantity,2024,2024,t,384.47,X
16,'050,Bangladesh,4021,NPK fertilizers,5622,Import value,2002,2002,1000 USD,513.49,A
16,'050,Bangladesh,4021,NPK fertilizers,5622,Import value,2003,2003,1000 USD,46.43,A
16,'050,Bangladesh,4021,NPK fertilizers,5622,Import value,2004,2004,1000 USD,206.81,A
16,'050,Bangladesh,4021,NPK fertilizers,5622,Import value,2005,2005,1000 USD,85.35,A
16,'050,Bangladesh,4021,NPK fertilizers,5622,Import value,2006,2006,1000 USD,204.2,A
16,'050,Bangladesh,4021,NPK fertilizers,5622,Import value,2007,2007,1000 USD,153.94,A
16,'050,Bangladesh,4021,NPK fertilizers,5622,Import value,2008,2008,1000 USD,496.77,A
16,'050,Bangladesh,4021,NPK fertilizers,5622,Import value,2009,2009,1000 USD,165.57,A
16,'050,Bangladesh,4021,NPK fertilizers,5622,Import value,2010,2010,1000 USD,1045.86,A
16,'050,Bangladesh,4021,NPK fertilizers,5622,Import value,2011,2011,1000 USD,374.12,A
16,'050,Bangladesh,4021,NPK fertilizers,5622,Import value,2012,2012,1000 USD,488.53,A
16,'050,Bangladesh,4021,NPK fertilizers,5622,Import value,2013,2013,1000 USD,590.94,A
16,'050,Bangladesh,4021,NPK fertilizers,5622,Import value,2014,2014,1000 USD,415.12,X
16,'050,Bangladesh,4021,NPK fertilizers,5622,Import value,2016,2016,1000 USD,192.47,X
16,'050,Bangladesh,4021,NPK fertilizers,5622,Import value,2017,2017,1000 USD,1575.16,X
16,'050,Bangladesh,4021,NPK fertilizers,5622,Import value,2018,2018,1000 USD,1158.26,X
16,'050,Bangladesh,4021,NPK fertilizers,5622,Import value,2019,2019,1000 USD,241.78,X
16,'050,Bangladesh,4021,NPK fertilizers,5622,Import value,2020,2020,1000 USD,275.17,X
16,'050,Bangladesh,4021,NPK fertilizers,5622,Import value,2021,2021,1000 USD,328.38,X
16,'050,Bangladesh,4021,NPK fertilizers,5622,Import value,2022,2022,1000 USD,131.69,X
16,'050,Bangladesh,4021,NPK fertilizers,5622,Import value,2023,2023,1000 USD,153.03,X
16,'050,Bangladesh,4021,NPK fertilizers,5622,Import value,2024,2024,1000 USD,402.88,X
16,'050,Bangladesh,4021,NPK fertilizers,5910,Export quantity,2019,2019,t,0.01,X
16,'050,Bangladesh,4021,NPK fertilizers,5910,Export quantity,2021,2021,t,0.1,X
16,'050,Bangladesh,4021,NPK fertilizers,5910,Export quantity,2022,2022,t,0.06,X
16,'050,Bangladesh,4021,NPK fertilizers,5910,Export quantity,2023,2023,t,0.3,X
16,'050,Bangladesh,4021,NPK fertilizers,5922,Export value,2019,2019,1000 USD,0.04,X
16,'050,Bangladesh,4021,NPK fertilizers,5922,Export value,2021,2021,1000 USD,1.05,X
16,'050,Bangladesh,4021,NPK fertilizers,5922,Export value,2022,2022,1000 USD,0.04,X
16,'050,Bangladesh,4021,NPK fertilizers,5922,Export value,2023,2023,1000 USD,0.36,X
16,'050,Bangladesh,4021,NPK fertilizers,5157,Agricultural Use,2003,2003,t,30000.0,I
16,'050,Bangladesh,4021,NPK fertilizers,5157,Agricultural Use,2004,2004,t,57000.0,I
16,'050,Bangladesh,4021,NPK fertilizers,5157,Agricultural Use,2005,2005,t,100000.0,I
16,'050,Bangladesh,4021,NPK fertilizers,5157,Agricultural Use,2006,2006,t,125000.0,I
16,'050,Bangladesh,4021,NPK fertilizers,5157,Agricultural Use,2009,2009,t,36929.0,I
16,'050,Bangladesh,4021,NPK fertilizers,5157,Agricultural Use,2010,2010,t,32709.0,I
16,'050,Bangladesh,4021,NPK fertilizers,5157,Agricultural Use,2011,2011,t,40762.0,I
16,'050,Bangladesh,4021,NPK fertilizers,5157,Agricultural Use,2023,2023,t,29517.0,A
16,'050,Bangladesh,4008,"Other nitrogenous fertilizers, n.e.c.",5610,Import quantity,2002,2002,t,7843.64,X
16,'050,Bangladesh,4008,"Other nitrogenous fertilizers, n.e.c.",5610,Import quantity,2003,2003,t,9367.4,A
16,'050,Bangladesh,4008,"Other nitrogenous fertilizers, n.e.c.",5610,Import quantity,2004,2004,t,4762.07,X
16,'050,Bangladesh,4008,"Other nitrogenous fertilizers, n.e.c.",5610,Import quantity,2005,2005,t,3227.5,X
16,'050,Bangladesh,4008,"Other nitrogenous fertilizers, n.e.c.",5610,Import quantity,2006,2006,t,3513.93,X
16,'050,Bangladesh,4008,"Other nitrogenous fertilizers, n.e.c.",5610,Import quantity,2007,2007,t,2965.77,X
16,'050,Bangladesh,4008,"Other nitrogenous fertilizers, n.e.c.",5610,Import quantity,2008,2008,t,2225.13,X
16,'050,Bangladesh,4008,"Other nitrogenous fertilizers, n.e.c.",5610,Import quantity,2009,2009,t,2828.29,A
16,'050,Bangladesh,4008,"Other nitrogenous fertilizers, n.e.c.",5610,Import quantity,2010,2010,t,2313.83,A
16,'050,Bangladesh,4008,"Other nitrogenous fertilizers, n.e.c.",5610,Import quantity,2011,2011,t,1955.19,X
16,'050,Bangladesh,4008,"Other nitrogenous fertilizers, n.e.c.",5610,Import quantity,2012,2012,t,3604.13,A
16,'050,Bangladesh,4008,"Other nitrogenous fertilizers, n.e.c.",5610,Import quantity,2013,2013,t,4611.69,A
16,'050,Bangladesh,4008,"Other nitrogenous fertilizers, n.e.c.",5610,Import quantity,2014,2014,t,2500.8,X
16,'050,Bangladesh,4008,"Other nitrogenous fertilizers, n.e.c.",5610,Import quantity,2015,2015,t,3145.94,X
16,'050,Bangladesh,4008,"Other nitrogenous fertilizers, n.e.c.",5610,Import quantity,2016,2016,t,1464.07,X
16,'050,Bangladesh,4008,"Other nitrogenous fertilizers, n.e.c.",5610,Import quantity,2017,2017,t,2392.98,X
16,'050,Bangladesh,4008,"Other nitrogenous fertilizers, n.e.c.",5610,Import quantity,2018,2018,t,1844.52,X
16,'050,Bangladesh,4008,"Other nitrogenous fertilizers, n.e.c.",5610,Import quantity,2019,2019,t,1830.52,X
16,'050,Bangladesh,4008,"Other nitrogenous fertilizers, n.e.c.",5610,Import quantity,2020,2020,t,41337.39,X
16,'050,Bangladesh,4008,"Other nitrogenous fertilizers, n.e.c.",5610,Import quantity,2021,2021,t,44075.15,X
16,'050,Bangladesh,4008,"Other nitrogenous fertilizers, n.e.c.",5610,Import quantity,2022,2022,t,121010.15,X
16,'050,Bangladesh,4008,"Other nitrogenous fertilizers, n.e.c.",5610,Import quantity,2023,2023,t,16525.48,X
16,'050,Bangladesh,4008,"Other nitrogenous fertilizers, n.e.c.",5610,Import quantity,2024,2024,t,1809.7,X
16,'050,Bangladesh,4008,"Other nitrogenous fertilizers, n.e.c.",5622,Import value,2002,2002,1000 USD,1794.42,A
16,'050,Bangladesh,4008,"Other nitrogenous fertilizers, n.e.c.",5622,Import value,2003,2003,1000 USD,1315.88,A
16,'050,Bangladesh,4008,"Other nitrogenous fertilizers, n.e.c.",5622,Import value,2004,2004,1000 USD,1334.25,A
16,'050,Bangladesh,4008,"Other nitrogenous fertilizers, n.e.c.",5622,Import value,2005,2005,1000 USD,1253.14,A
16,'050,Bangladesh,4008,"Other nitrogenous fertilizers, n.e.c.",5622,Import value,2006,2006,1000 USD,1331.88,A
16,'050,Bangladesh,4008,"Other nitrogenous fertilizers, n.e.c.",5622,Import value,2007,2007,1000 USD,1343.33,A
16,'050,Bangladesh,4008,"Other nitrogenous fertilizers, n.e.c.",5622,Import value,2008,2008,1000 USD,2302.43,A
16,'050,Bangladesh,4008,"Other nitrogenous fertilizers, n.e.c.",5622,Import value,2009,2009,1000 USD,1714.72,A
16,'050,Bangladesh,4008,"Other nitrogenous fertilizers, n.e.c.",5622,Import value,2010,2010,1000 USD,1816.09,A
16,'050,Bangladesh,4008,"Other nitrogenous fertilizers, n.e.c.",5622,Import value,2011,2011,1000 USD,1272.02,A
16,'050,Bangladesh,4008,"Other nitrogenous fertilizers, n.e.c.",5622,Import value,2012,2012,1000 USD,2584.16,A
16,'050,Bangladesh,4008,"Other nitrogenous fertilizers, n.e.c.",5622,Import value,2013,2013,1000 USD,2752.16,A
16,'050,Bangladesh,4008,"Other nitrogenous fertilizers, n.e.c.",5622,Import value,2014,2014,1000 USD,574.23,X
16,'050,Bangladesh,4008,"Other nitrogenous fertilizers, n.e.c.",5622,Import value,2015,2015,1000 USD,3911.03,A
16,'050,Bangladesh,4008,"Other nitrogenous fertilizers, n.e.c.",5622,Import value,2016,2016,1000 USD,760.02,X
16,'050,Bangladesh,4008,"Other nitrogenous fertilizers, n.e.c.",5622,Import value,2017,2017,1000 USD,635.15,X
16,'050,Bangladesh,4008,"Other nitrogenous fertilizers, n.e.c.",5622,Import value,2018,2018,1000 USD,541.06,X
16,'050,Bangladesh,4008,"Other nitrogenous fertilizers, n.e.c.",5622,Import value,2019,2019,1000 USD,465.67,X
16,'050,Bangladesh,4008,"Other nitrogenous fertilizers, n.e.c.",5622,Import value,2020,2020,1000 USD,29345.29,X
16,'050,Bangladesh,4008,"Other nitrogenous fertilizers, n.e.c.",5622,Import value,2021,2021,1000 USD,41040.31,X
16,'050,Bangladesh,4008,"Other nitrogenous fertilizers, n.e.c.",5622,Import value,2022,2022,1000 USD,122975.47,X
16,'050,Bangladesh,4008,"Other nitrogenous fertilizers, n.e.c.",5622,Import value,2023,2023,1000 USD,17950.07,X
16,'050,Bangladesh,4008,"Other nitrogenous fertilizers, n.e.c.",5622,Import value,2024,2024,1000 USD,506.26,X
16,'050,Bangladesh,4008,"Other nitrogenous fertilizers, n.e.c.",5910,Export quantity,2002,2002,t,6538.0,A
16,'050,Bangladesh,4008,"Other nitrogenous fertilizers, n.e.c.",5910,Export quantity,2003,2003,t,29005.2,A
16,'050,Bangladesh,4008,"Other nitrogenous fertilizers, n.e.c.",5910,Export quantity,2007,2007,t,15.39,A
16,'050,Bangladesh,4008,"Other nitrogenous fertilizers, n.e.c.",5910,Export quantity,2010,2010,t,20.29,A
16,'050,Bangladesh,4008,"Other nitrogenous fertilizers, n.e.c.",5910,Export quantity,2022,2022,t,0.21,X
16,'050,Bangladesh,4008,"Other nitrogenous fertilizers, n.e.c.",5910,Export quantity,2024,2024,t,0.27,X
16,'050,Bangladesh,4008,"Other nitrogenous fertilizers, n.e.c.",5922,Export value,2002,2002,1000 USD,844.7,A
16,'050,Bangladesh,4008,"Other nitrogenous fertilizers, n.e.c.",5922,Export value,2003,2003,1000 USD,5238.99,A
16,'050,Bangladesh,4008,"Other nitrogenous fertilizers, n.e.c.",5922,Export value,2007,2007,1000 USD,3.13,A
16,'050,Bangladesh,4008,"Other nitrogenous fertilizers, n.e.c.",5922,Export value,2010,2010,1000 USD,3.1,A
16,'050,Bangladesh,4008,"Other nitrogenous fertilizers, n.e.c.",5922,Export value,2022,2022,1000 USD,0.42,X
16,'050,Bangladesh,4008,"Other nitrogenous fertilizers, n.e.c.",5922,Export value,2024,2024,1000 USD,1.13,X
16,'050,Bangladesh,4024,Other NP compounds,5610,Import quantity,2002,2002,t,8615.33,X
16,'050,Bangladesh,4024,Other NP compounds,5610,Import quantity,2003,2003,t,196.96,A
16,'050,Bangladesh,4024,Other NP compounds,5610,Import quantity,2005,2005,t,0.5,A
16,'050,Bangladesh,4024,Other NP compounds,5610,Import quantity,2006,2006,t,66.01,A
16,'050,Bangladesh,4024,Other NP compounds,5610,Import quantity,2009,2009,t,6.52,A
16,'050,Bangladesh,4024,Other NP compounds,5610,Import quantity,2010,2010,t,1.34,A
16,'050,Bangladesh,4024,Other NP compounds,5610,Import quantity,2011,2011,t,110.9,A
16,'050,Bangladesh,4024,Other NP compounds,5610,Import quantity,2012,2012,t,10.97,A
16,'050,Bangladesh,4024,Other NP compounds,5610,Import quantity,2013,2013,t,13.0,A
16,'050,Bangladesh,4024,Other NP compounds,5610,Import quantity,2015,2015,t,0.77,A
16,'050,Bangladesh,4024,Other NP compounds,5610,Import quantity,2016,2016,t,743.42,X
16,'050,Bangladesh,4024,Other NP compounds,5610,Import quantity,2017,2017,t,9209.66,X
16,'050,Bangladesh,4024,Other NP compounds,5610,Import quantity,2018,2018,t,1965.76,X
16,'050,Bangladesh,4024,Other NP compounds,5610,Import quantity,2021,2021,t,20525.15,X
16,'050,Bangladesh,4024,Other NP compounds,5610,Import quantity,2022,2022,t,30.62,X
16,'050,Bangladesh,4024,Other NP compounds,5610,Import quantity,2023,2023,t,20.36,X
16,'050,Bangladesh,4024,Other NP compounds,5610,Import quantity,2024,2024,t,11.62,X
16,'050,Bangladesh,4024,Other NP compounds,5622,Import value,2002,2002,1000 USD,1027.83,A
16,'050,Bangladesh,4024,Other NP compounds,5622,Import value,2003,2003,1000 USD,21.22,A
16,'050,Bangladesh,4024,Other NP compounds,5622,Import value,2005,2005,1000 USD,0.2,A
16,'050,Bangladesh,4024,Other NP compounds,5622,Import value,2006,2006,1000 USD,52.5,A
16,'050,Bangladesh,4024,Other NP compounds,5622,Import value,2009,2009,1000 USD,32.55,A
16,'050,Bangladesh,4024,Other NP compounds,5622,Import value,2010,2010,1000 USD,60.58,A
16,'050,Bangladesh,4024,Other NP compounds,5622,Import value,2011,2011,1000 USD,20.96,A
16,'050,Bangladesh,4024,Other NP compounds,5622,Import value,2012,2012,1000 USD,34.57,A
16,'050,Bangladesh,4024,Other NP compounds,5622,Import value,2013,2013,1000 USD,9.95,A
16,'050,Bangladesh,4024,Other NP compounds,5622,Import value,2015,2015,1000 USD,1.77,A
16,'050,Bangladesh,4024,Other NP compounds,5622,Import value,2016,2016,1000 USD,201.5,X
16,'050,Bangladesh,4024,Other NP compounds,5622,Import value,2017,2017,1000 USD,2887.79,X
16,'050,Bangladesh,4024,Other NP compounds,5622,Import value,2018,2018,1000 USD,438.48,X
16,'050,Bangladesh,4024,Other NP compounds,5622,Import value,2021,2021,1000 USD,11986.47,X
16,'050,Bangladesh,4024,Other NP compounds,5622,Import value,2022,2022,1000 USD,108.13,X
16,'050,Bangladesh,4024,Other NP compounds,5622,Import value,2023,2023,1000 USD,89.13,X
16,'050,Bangladesh,4024,Other NP compounds,5622,Import value,2024,2024,1000 USD,44.99,X
16,'050,Bangladesh,4014,"Other phosphatic fertilizers, n.e.c.",5610,Import quantity,2002,2002,t,1443.0,A
16,'050,Bangladesh,4014,"Other phosphatic fertilizers, n.e.c.",5610,Import quantity,2003,2003,t,72026.1,A
16,'050,Bangladesh,4014,"Other phosphatic fertilizers, n.e.c.",5610,Import quantity,2004,2004,t,49341.74,A
16,'050,Bangladesh,4014,"Other phosphatic fertilizers, n.e.c.",5610,Import quantity,2005,2005,t,1.52,A
16,'050,Bangladesh,4014,"Other phosphatic fertilizers, n.e.c.",5610,Import quantity,2007,2007,t,1.29,A
16,'050,Bangladesh,4014,"Other phosphatic fertilizers, n.e.c.",5610,Import quantity,2008,2008,t,5.52,X
16,'050,Bangladesh,4014,"Other phosphatic fertilizers, n.e.c.",5610,Import quantity,2009,2009,t,0.1,X
16,'050,Bangladesh,4014,"Other phosphatic fertilizers, n.e.c.",5610,Import quantity,2010,2010,t,23.18,A
16,'050,Bangladesh,4014,"Other phosphatic fertilizers, n.e.c.",5610,Import quantity,2011,2011,t,0.08,A
16,'050,Bangladesh,4014,"Other phosphatic fertilizers, n.e.c.",5610,Import quantity,2013,2013,t,175.31,A
16,'050,Bangladesh,4014,"Other phosphatic fertilizers, n.e.c.",5610,Import quantity,2015,2015,t,0.05,A
16,'050,Bangladesh,4014,"Other phosphatic fertilizers, n.e.c.",5610,Import quantity,2022,2022,t,150305.12,X
16,'050,Bangladesh,4014,"Other phosphatic fertilizers, n.e.c.",5610,Import quantity,2023,2023,t,36091.98,X
16,'050,Bangladesh,4014,"Other phosphatic fertilizers, n.e.c.",5622,Import value,2002,2002,1000 USD,159.88,A
16,'050,Bangladesh,4014,"Other phosphatic fertilizers, n.e.c.",5622,Import value,2003,2003,1000 USD,9956.6,A
16,'050,Bangladesh,4014,"Other phosphatic fertilizers, n.e.c.",5622,Import value,2004,2004,1000 USD,5861.71,A
16,'050,Bangladesh,4014,"Other phosphatic fertilizers, n.e.c.",5622,Import value,2005,2005,1000 USD,0.71,A
16,'050,Bangladesh,4014,"Other phosphatic fertilizers, n.e.c.",5622,Import value,2007,2007,1000 USD,1.6,A
16,'050,Bangladesh,4014,"Other phosphatic fertilizers, n.e.c.",5622,Import value,2008,2008,1000 USD,2.65,A
16,'050,Bangladesh,4014,"Other phosphatic fertilizers, n.e.c.",5622,Import value,2009,2009,1000 USD,2.01,A
16,'050,Bangladesh,4014,"Other phosphatic fertilizers, n.e.c.",5622,Import value,2010,2010,1000 USD,29.58,A
16,'050,Bangladesh,4014,"Other phosphatic fertilizers, n.e.c.",5622,Import value,2011,2011,1000 USD,0.08,A
16,'050,Bangladesh,4014,"Other phosphatic fertilizers, n.e.c.",5622,Import value,2013,2013,1000 USD,79.33,A
16,'050,Bangladesh,4014,"Other phosphatic fertilizers, n.e.c.",5622,Import value,2015,2015,1000 USD,0.02,A
16,'050,Bangladesh,4014,"Other phosphatic fertilizers, n.e.c.",5622,Import value,2022,2022,1000 USD,95212.03,X
16,'050,Bangladesh,4014,"Other phosphatic fertilizers, n.e.c.",5622,Import value,2023,2023,1000 USD,19913.11,X
16,'050,Bangladesh,4018,"Other potassic fertilizers, n.e.c.",5610,Import quantity,2002,2002,t,6383.0,A
16,'050,Bangladesh,4018,"Other potassic fertilizers, n.e.c.",5610,Import quantity,2003,2003,t,3361.82,A
16,'050,Bangladesh,4018,"Other potassic fertilizers, n.e.c.",5610,Import quantity,2004,2004,t,14927.21,A
16,'050,Bangladesh,4018,"Other potassic fertilizers, n.e.c.",5610,Import quantity,2005,2005,t,30.56,A
16,'050,Bangladesh,4018,"Other potassic fertilizers, n.e.c.",5610,Import quantity,2006,2006,t,7.63,A
16,'050,Bangladesh,4018,"Other potassic fertilizers, n.e.c.",5610,Import quantity,2007,2007,t,20.02,A
16,'050,Bangladesh,4018,"Other potassic fertilizers, n.e.c.",5610,Import quantity,2008,2008,t,10.05,A
16,'050,Bangladesh,4018,"Other potassic fertilizers, n.e.c.",5610,Import quantity,2009,2009,t,0.46,A
16,'050,Bangladesh,4018,"Other potassic fertilizers, n.e.c.",5610,Import quantity,2010,2010,t,2.69,A
16,'050,Bangladesh,4018,"Other potassic fertilizers, n.e.c.",5610,Import quantity,2011,2011,t,79191.21,X
16,'050,Bangladesh,4018,"Other potassic fertilizers, n.e.c.",5610,Import quantity,2012,2012,t,316.78,A
16,'050,Bangladesh,4018,"Other potassic fertilizers, n.e.c.",5610,Import quantity,2013,2013,t,0.2,A
16,'050,Bangladesh,4018,"Other potassic fertilizers, n.e.c.",5610,Import quantity,2015,2015,t,650.51,A
16,'050,Bangladesh,4018,"Other potassic fertilizers, n.e.c.",5610,Import quantity,2017,2017,t,0.15,X
16,'050,Bangladesh,4018,"Other potassic fertilizers, n.e.c.",5610,Import quantity,2019,2019,t,40.69,X
16,'050,Bangladesh,4018,"Other potassic fertilizers, n.e.c.",5610,Import quantity,2020,2020,t,94.03,X
16,'050,Bangladesh,4018,"Other potassic fertilizers, n.e.c.",5610,Import quantity,2023,2023,t,400.0,X
16,'050,Bangladesh,4018,"Other potassic fertilizers, n.e.c.",5622,Import value,2002,2002,1000 USD,892.78,A
16,'050,Bangladesh,4018,"Other potassic fertilizers, n.e.c.",5622,Import value,2003,2003,1000 USD,436.22,A
16,'050,Bangladesh,4018,"Other potassic fertilizers, n.e.c.",5622,Import value,2004,2004,1000 USD,2417.11,A
16,'050,Bangladesh,4018,"Other potassic fertilizers, n.e.c.",5622,Import value,2005,2005,1000 USD,52.07,A
16,'050,Bangladesh,4018,"Other potassic fertilizers, n.e.c.",5622,Import value,2006,2006,1000 USD,12.52,A
16,'050,Bangladesh,4018,"Other potassic fertilizers, n.e.c.",5622,Import value,2007,2007,1000 USD,5.07,A
16,'050,Bangladesh,4018,"Other potassic fertilizers, n.e.c.",5622,Import value,2008,2008,1000 USD,2.93,A
16,'050,Bangladesh,4018,"Other potassic fertilizers, n.e.c.",5622,Import value,2009,2009,1000 USD,35.98,A
16,'050,Bangladesh,4018,"Other potassic fertilizers, n.e.c.",5622,Import value,2010,2010,1000 USD,67.62,A
16,'050,Bangladesh,4018,"Other potassic fertilizers, n.e.c.",5622,Import value,2011,2011,1000 USD,31574.13,A
16,'050,Bangladesh,4018,"Other potassic fertilizers, n.e.c.",5622,Import value,2012,2012,1000 USD,306.29,A
16,'050,Bangladesh,4018,"Other potassic fertilizers, n.e.c.",5622,Import value,2013,2013,1000 USD,0.2,A
16,'050,Bangladesh,4018,"Other potassic fertilizers, n.e.c.",5622,Import value,2015,2015,1000 USD,258.76,A
16,'050,Bangladesh,4018,"Other potassic fertilizers, n.e.c.",5622,Import value,2017,2017,1000 USD,0.3,X
16,'050,Bangladesh,4018,"Other potassic fertilizers, n.e.c.",5622,Import value,2019,2019,1000 USD,18.72,X
16,'050,Bangladesh,4018,"Other potassic fertilizers, n.e.c.",5622,Import value,2020,2020,1000 USD,42.34,X
16,'050,Bangladesh,4018,"Other potassic fertilizers, n.e.c.",5622,Import value,2023,2023,1000 USD,767.01,X
16,'050,Bangladesh,4018,"Other potassic fertilizers, n.e.c.",5910,Export quantity,2013,2013,t,1.0,A
16,'050,Bangladesh,4018,"Other potassic fertilizers, n.e.c.",5910,Export quantity,2015,2015,t,13.76,A
16,'050,Bangladesh,4018,"Other potassic fertilizers, n.e.c.",5910,Export quantity,2017,2017,t,1.48,X
16,'050,Bangladesh,4018,"Other potassic fertilizers, n.e.c.",5910,Export quantity,2023,2023,t,0.05,X
16,'050,Bangladesh,4018,"Other potassic fertilizers, n.e.c.",5922,Export value,2013,2013,1000 USD,0.2,A
16,'050,Bangladesh,4018,"Other potassic fertilizers, n.e.c.",5922,Export value,2015,2015,1000 USD,71.9,A
16,'050,Bangladesh,4018,"Other potassic fertilizers, n.e.c.",5922,Export value,2017,2017,1000 USD,2.78,X
16,'050,Bangladesh,4018,"Other potassic fertilizers, n.e.c.",5922,Export value,2023,2023,1000 USD,0.0,X
16,'050,Bangladesh,4011,Phosphate rock,5610,Import quantity,2002,2002,t,159668.25,X
16,'050,Bangladesh,4011,Phosphate rock,5610,Import quantity,2003,2003,t,128239.52,A
16,'050,Bangladesh,4011,Phosphate rock,5610,Import quantity,2004,2004,t,133064.5,A
16,'050,Bangladesh,4011,Phosphate rock,5610,Import quantity,2005,2005,t,57238.8,A
16,'050,Bangladesh,4011,Phosphate rock,5610,Import quantity,2006,2006,t,44125.62,A
16,'050,Bangladesh,4011,Phosphate rock,5610,Import quantity,2007,2007,t,45363.7,A
16,'050,Bangladesh,4011,Phosphate rock,5610,Import quantity,2008,2008,t,82664.4,A
16,'050,Bangladesh,4011,Phosphate rock,5610,Import quantity,2009,2009,t,63470.0,A
16,'050,Bangladesh,4011,Phosphate rock,5610,Import quantity,2010,2010,t,43215.86,A
16,'050,Bangladesh,4011,Phosphate rock,5610,Import quantity,2011,2011,t,49500.15,A
16,'050,Bangladesh,4011,Phosphate rock,5610,Import quantity,2012,2012,t,49516.0,A
16,'050,Bangladesh,4011,Phosphate rock,5610,Import quantity,2013,2013,t,103484.0,A
16,'050,Bangladesh,4011,Phosphate rock,5610,Import quantity,2014,2014,t,116984.44,X
16,'050,Bangladesh,4011,Phosphate rock,5610,Import quantity,2015,2015,t,127200.0,A
16,'050,Bangladesh,4011,Phosphate rock,5610,Import quantity,2016,2016,t,73126.21,X
16,'050,Bangladesh,4011,Phosphate rock,5610,Import quantity,2017,2017,t,98017.54,X
16,'050,Bangladesh,4011,Phosphate rock,5610,Import quantity,2018,2018,t,127871.89,X
16,'050,Bangladesh,4011,Phosphate rock,5610,Import quantity,2019,2019,t,55743.57,X
16,'050,Bangladesh,4011,Phosphate rock,5610,Import quantity,2020,2020,t,121304.98,X
16,'050,Bangladesh,4011,Phosphate rock,5610,Import quantity,2021,2021,t,67634.27,X
16,'050,Bangladesh,4011,Phosphate rock,5610,Import quantity,2022,2022,t,158704.22,X
16,'050,Bangladesh,4011,Phosphate rock,5610,Import quantity,2023,2023,t,114629.88,X
16,'050,Bangladesh,4011,Phosphate rock,5610,Import quantity,2024,2024,t,54940.0,X
16,'050,Bangladesh,4011,Phosphate rock,5622,Import value,2002,2002,1000 USD,7171.86,A
16,'050,Bangladesh,4011,Phosphate rock,5622,Import value,2003,2003,1000 USD,7795.9,A
16,'050,Bangladesh,4011,Phosphate rock,5622,Import value,2004,2004,1000 USD,9242.3,A
16,'050,Bangladesh,4011,Phosphate rock,5622,Import value,2005,2005,1000 USD,16743.26,A
16,'050,Bangladesh,4011,Phosphate rock,5622,Import value,2006,2006,1000 USD,16414.88,A
16,'050,Bangladesh,4011,Phosphate rock,5622,Import value,2007,2007,1000 USD,8249.76,A
16,'050,Bangladesh,4011,Phosphate rock,5622,Import value,2008,2008,1000 USD,25038.63,A
16,'050,Bangladesh,4011,Phosphate rock,5622,Import value,2009,2009,1000 USD,15704.64,A
16,'050,Bangladesh,4011,Phosphate rock,5622,Import value,2010,2010,1000 USD,8642.43,A
16,'050,Bangladesh,4011,Phosphate rock,5622,Import value,2011,2011,1000 USD,10715.7,A
16,'050,Bangladesh,4011,Phosphate rock,5622,Import value,2012,2012,1000 USD,13861.43,A
16,'050,Bangladesh,4011,Phosphate rock,5622,Import value,2013,2013,1000 USD,26508.89,A
16,'050,Bangladesh,4011,Phosphate rock,5622,Import value,2014,2014,1000 USD,14246.29,X
16,'050,Bangladesh,4011,Phosphate rock,5622,Import value,2015,2015,1000 USD,20593.25,A
16,'050,Bangladesh,4011,Phosphate rock,5622,Import value,2016,2016,1000 USD,4847.93,X
16,'050,Bangladesh,4011,Phosphate rock,5622,Import value,2017,2017,1000 USD,8294.35,X
16,'050,Bangladesh,4011,Phosphate rock,5622,Import value,2018,2018,1000 USD,11492.07,X
16,'050,Bangladesh,4011,Phosphate rock,5622,Import value,2019,2019,1000 USD,4046.39,X
16,'050,Bangladesh,4011,Phosphate rock,5622,Import value,2020,2020,1000 USD,9752.96,X
16,'050,Bangladesh,4011,Phosphate rock,5622,Import value,2021,2021,1000 USD,5330.94,X
16,'050,Bangladesh,4011,Phosphate rock,5622,Import value,2022,2022,1000 USD,34339.61,X
16,'050,Bangladesh,4011,Phosphate rock,5622,Import value,2023,2023,1000 USD,23930.73,X
16,'050,Bangladesh,4011,Phosphate rock,5622,Import value,2024,2024,1000 USD,10614.44,X
16,'050,Bangladesh,4011,Phosphate rock,5910,Export quantity,2010,2010,t,15075.0,A
16,'050,Bangladesh,4011,Phosphate rock,5922,Export value,2010,2010,1000 USD,1663.42,A
16,'050,Bangladesh,4027,PK compounds,5610,Import quantity,2008,2008,t,0.01,A
16,'050,Bangladesh,4027,PK compounds,5610,Import quantity,2009,2009,t,0.03,A
16,'050,Bangladesh,4027,PK compounds,5610,Import quantity,2010,2010,t,0.06,A
16,'050,Bangladesh,4027,PK compounds,5610,Import quantity,2012,2012,t,2.42,A
16,'050,Bangladesh,4027,PK compounds,5610,Import quantity,2014,2014,t,0.02,X
16,'050,Bangladesh,4027,PK compounds,5610,Import quantity,2017,2017,t,4.16,X
16,'050,Bangladesh,4027,PK compounds,5610,Import quantity,2023,2023,t,0.02,X
16,'050,Bangladesh,4027,PK compounds,5622,Import value,2008,2008,1000 USD,0.12,A
16,'050,Bangladesh,4027,PK compounds,5622,Import value,2009,2009,1000 USD,0.42,A
16,'050,Bangladesh,4027,PK compounds,5622,Import value,2010,2010,1000 USD,0.02,A
16,'050,Bangladesh,4027,PK compounds,5622,Import value,2012,2012,1000 USD,5.91,A
16,'050,Bangladesh,4027,PK compounds,5622,Import value,2014,2014,1000 USD,4.02,X
16,'050,Bangladesh,4027,PK compounds,5622,Import value,2017,2017,1000 USD,7.84,X
16,'050,Bangladesh,4027,PK compounds,5622,Import value,2023,2023,1000 USD,0.48,X
16,'050,Bangladesh,4027,PK compounds,5910,Export quantity,2013,2013,t,0.0,A
16,'050,Bangladesh,4027,PK compounds,5910,Export quantity,2022,2022,t,0.03,X
16,'050,Bangladesh,4027,PK compounds,5922,Export value,2013,2013,1000 USD,0.0,A
16,'050,Bangladesh,4027,PK compounds,5922,Export value,2022,2022,1000 USD,0.01,X
16,'050,Bangladesh,4027,PK compounds,5157,Agricultural Use,2002,2002,t,19435.0,A
16,'050,Bangladesh,4016,Potassium chloride (muriate of potash) (MOP),5610,Import quantity,2002,2002,t,191867.27,A
16,'050,Bangladesh,4016,Potassium chloride (muriate of potash) (MOP),5610,Import quantity,2003,2003,t,254883.74,A
16,'050,Bangladesh,4016,Potassium chloride (muriate of potash) (MOP),5610,Import quantity,2004,2004,t,399475.15,X
16,'050,Bangladesh,4016,Potassium chloride (muriate of potash) (MOP),5610,Import quantity,2005,2005,t,613502.27,A
16,'050,Bangladesh,4016,Potassium chloride (muriate of potash) (MOP),5610,Import quantity,2006,2006,t,476223.84,A
16,'050,Bangladesh,4016,Potassium chloride (muriate of potash) (MOP),5610,Import quantity,2007,2007,t,472576.8,A
16,'050,Bangladesh,4016,Potassium chloride (muriate of potash) (MOP),5610,Import quantity,2008,2008,t,539921.9,A
16,'050,Bangladesh,4016,Potassium chloride (muriate of potash) (MOP),5610,Import quantity,2009,2009,t,178170.93,A
16,'050,Bangladesh,4016,Potassium chloride (muriate of potash) (MOP),5610,Import quantity,2010,2010,t,370484.79,A
16,'050,Bangladesh,4016,Potassium chloride (muriate of potash) (MOP),5610,Import quantity,2011,2011,t,605994.04,A
16,'050,Bangladesh,4016,Potassium chloride (muriate of potash) (MOP),5610,Import quantity,2012,2012,t,689183.72,A
16,'050,Bangladesh,4016,Potassium chloride (muriate of potash) (MOP),5610,Import quantity,2013,2013,t,369746.44,A
16,'050,Bangladesh,4016,Potassium chloride (muriate of potash) (MOP),5610,Import quantity,2014,2014,t,543779.59,X
16,'050,Bangladesh,4016,Potassium chloride (muriate of potash) (MOP),5610,Import quantity,2015,2015,t,753273.1,A
16,'050,Bangladesh,4016,Potassium chloride (muriate of potash) (MOP),5610,Import quantity,2016,2016,t,929107.19,X
16,'050,Bangladesh,4016,Potassium chloride (muriate of potash) (MOP),5610,Import quantity,2017,2017,t,1397746.23,X
16,'050,Bangladesh,4016,Potassium chloride (muriate of potash) (MOP),5610,Import quantity,2018,2018,t,715243.5,X
16,'050,Bangladesh,4016,Potassium chloride (muriate of potash) (MOP),5610,Import quantity,2019,2019,t,678933.65,X
16,'050,Bangladesh,4016,Potassium chloride (muriate of potash) (MOP),5610,Import quantity,2020,2020,t,586083.38,X
16,'050,Bangladesh,4016,Potassium chloride (muriate of potash) (MOP),5610,Import quantity,2021,2021,t,316533.69,X
16,'050,Bangladesh,4016,Potassium chloride (muriate of potash) (MOP),5610,Import quantity,2022,2022,t,702453.75,X
16,'050,Bangladesh,4016,Potassium chloride (muriate of potash) (MOP),5610,Import quantity,2023,2023,t,1041064.9,X
16,'050,Bangladesh,4016,Potassium chloride (muriate of potash) (MOP),5610,Import quantity,2024,2024,t,307889.57,X
16,'050,Bangladesh,4016,Potassium chloride (muriate of potash) (MOP),5622,Import value,2002,2002,1000 USD,25601.27,A
16,'050,Bangladesh,4016,Potassium chloride (muriate of potash) (MOP),5622,Import value,2003,2003,1000 USD,35181.63,A
16,'050,Bangladesh,4016,Potassium chloride (muriate of potash) (MOP),5622,Import value,2004,2004,1000 USD,50176.63,A
16,'050,Bangladesh,4016,Potassium chloride (muriate of potash) (MOP),5622,Import value,2005,2005,1000 USD,78893.08,A
16,'050,Bangladesh,4016,Potassium chloride (muriate of potash) (MOP),5622,Import value,2006,2006,1000 USD,54080.63,A
16,'050,Bangladesh,4016,Potassium chloride (muriate of potash) (MOP),5622,Import value,2007,2007,1000 USD,86415.35,A
16,'050,Bangladesh,4016,Potassium chloride (muriate of potash) (MOP),5622,Import value,2008,2008,1000 USD,234668.53,A
16,'050,Bangladesh,4016,Potassium chloride (muriate of potash) (MOP),5622,Import value,2009,2009,1000 USD,96792.08,A
16,'050,Bangladesh,4016,Potassium chloride (muriate of potash) (MOP),5622,Import value,2010,2010,1000 USD,179452.27,A
16,'050,Bangladesh,4016,Potassium chloride (muriate of potash) (MOP),5622,Import value,2011,2011,1000 USD,312389.42,A
16,'050,Bangladesh,4016,Potassium chloride (muriate of potash) (MOP),5622,Import value,2012,2012,1000 USD,373623.19,A
16,'050,Bangladesh,4016,Potassium chloride (muriate of potash) (MOP),5622,Import value,2013,2013,1000 USD,175188.92,A
16,'050,Bangladesh,4016,Potassium chloride (muriate of potash) (MOP),5622,Import value,2014,2014,1000 USD,146074.65,X
16,'050,Bangladesh,4016,Potassium chloride (muriate of potash) (MOP),5622,Import value,2015,2015,1000 USD,248597.39,A
16,'050,Bangladesh,4016,Potassium chloride (muriate of potash) (MOP),5622,Import value,2016,2016,1000 USD,203546.19,X
16,'050,Bangladesh,4016,Potassium chloride (muriate of potash) (MOP),5622,Import value,2017,2017,1000 USD,278779.81,X
16,'050,Bangladesh,4016,Potassium chloride (muriate of potash) (MOP),5622,Import value,2018,2018,1000 USD,181909.02,X
16,'050,Bangladesh,4016,Potassium chloride (muriate of potash) (MOP),5622,Import value,2019,2019,1000 USD,167245.1,X
16,'050,Bangladesh,4016,Potassium chloride (muriate of potash) (MOP),5622,Import value,2020,2020,1000 USD,106370.1,X
16,'050,Bangladesh,4016,Potassium chloride (muriate of potash) (MOP),5622,Import value,2021,2021,1000 USD,104900.17,X
16,'050,Bangladesh,4016,Potassium chloride (muriate of potash) (MOP),5622,Import value,2022,2022,1000 USD,504047.7,X
16,'050,Bangladesh,4016,Potassium chloride (muriate of potash) (MOP),5622,Import value,2023,2023,1000 USD,404977.3,X
16,'050,Bangladesh,4016,Potassium chloride (muriate of potash) (MOP),5622,Import value,2024,2024,1000 USD,72721.74,X
16,'050,Bangladesh,4016,Potassium chloride (muriate of potash) (MOP),5910,Export quantity,2007,2007,t,16.9,A
16,'050,Bangladesh,4016,Potassium chloride (muriate of potash) (MOP),5910,Export quantity,2024,2024,t,2.27,X
16,'050,Bangladesh,4016,Potassium chloride (muriate of potash) (MOP),5922,Export value,2007,2007,1000 USD,11.06,A
16,'050,Bangladesh,4016,Potassium chloride (muriate of potash) (MOP),5922,Export value,2024,2024,1000 USD,7.74,X
16,'050,Bangladesh,4016,Potassium chloride (muriate of potash) (MOP),5157,Agricultural Use,2002,2002,t,263185.0,I
16,'050,Bangladesh,4016,Potassium chloride (muriate of potash) (MOP),5157,Agricultural Use,2003,2003,t,278450.0,I
16,'050,Bangladesh,4016,Potassium chloride (muriate of potash) (MOP),5157,Agricultural Use,2004,2004,t,271500.0,I
16,'050,Bangladesh,4016,Potassium chloride (muriate of potash) (MOP),5157,Agricultural Use,2005,2005,t,407250.0,I
16,'050,Bangladesh,4016,Potassium chloride (muriate of potash) (MOP),5157,Agricultural Use,2006,2006,t,208060.0,I
16,'050,Bangladesh,4016,Potassium chloride (muriate of potash) (MOP),5157,Agricultural Use,2008,2008,t,274000.0,A
16,'050,Bangladesh,4016,Potassium chloride (muriate of potash) (MOP),5157,Agricultural Use,2009,2009,t,234000.0,I
16,'050,Bangladesh,4016,Potassium chloride (muriate of potash) (MOP),5157,Agricultural Use,2010,2010,t,319000.0,I
16,'050,Bangladesh,4016,Potassium chloride (muriate of potash) (MOP),5157,Agricultural Use,2011,2011,t,482000.0,A
16,'050,Bangladesh,4016,Potassium chloride (muriate of potash) (MOP),5157,Agricultural Use,2012,2012,t,613000.0,A
16,'050,Bangladesh,4016,Potassium chloride (muriate of potash) (MOP),5157,Agricultural Use,2013,2013,t,571000.0,A
16,'050,Bangladesh,4016,Potassium chloride (muriate of potash) (MOP),5157,Agricultural Use,2014,2014,t,577000.0,A
16,'050,Bangladesh,4016,Potassium chloride (muriate of potash) (MOP),5157,Agricultural Use,2015,2015,t,640000.0,A
16,'050,Bangladesh,4016,Potassium chloride (muriate of potash) (MOP),5157,Agricultural Use,2016,2016,t,727000.0,A
16,'050,Bangladesh,4016,Potassium chloride (muriate of potash) (MOP),5157,Agricultural Use,2017,2017,t,789000.0,A
16,'050,Bangladesh,4016,Potassium chloride (muriate of potash) (MOP),5157,Agricultural Use,2018,2018,t,724000.0,A
16,'050,Bangladesh,4016,Potassium chloride (muriate of potash) (MOP),5157,Agricultural Use,2019,2019,t,716000.0,A
16,'050,Bangladesh,4016,Potassium chloride (muriate of potash) (MOP),5157,Agricultural Use,2020,2020,t,764000.0,A
16,'050,Bangladesh,4016,Potassium chloride (muriate of potash) (MOP),5157,Agricultural Use,2021,2021,t,790000.0,A
16,'050,Bangladesh,4016,Potassium chloride (muriate of potash) (MOP),5157,Agricultural Use,2022,2022,t,824000.0,A
16,'050,Bangladesh,4016,Potassium chloride (muriate of potash) (MOP),5157,Agricultural Use,2023,2023,t,943000.0,A
16,'050,Bangladesh,4016,Potassium chloride (muriate of potash) (MOP),5157,Agricultural Use,2024,2024,t,986000.0,A
16,'050,Bangladesh,4025,Potassium nitrate,5610,Import quantity,2002,2002,t,42.05,A
16,'050,Bangladesh,4025,Potassium nitrate,5610,Import quantity,2003,2003,t,21.91,A
16,'050,Bangladesh,4025,Potassium nitrate,5610,Import quantity,2004,2004,t,33.02,A
16,'050,Bangladesh,4025,Potassium nitrate,5610,Import quantity,2005,2005,t,42.03,A
16,'050,Bangladesh,4025,Potassium nitrate,5610,Import quantity,2006,2006,t,81.03,A
16,'050,Bangladesh,4025,Potassium nitrate,5610,Import quantity,2007,2007,t,21.54,A
16,'050,Bangladesh,4025,Potassium nitrate,5610,Import quantity,2008,2008,t,0.3,A
16,'050,Bangladesh,4025,Potassium nitrate,5610,Import quantity,2009,2009,t,21.31,A
16,'050,Bangladesh,4025,Potassium nitrate,5610,Import quantity,2010,2010,t,80.69,A
16,'050,Bangladesh,4025,Potassium nitrate,5610,Import quantity,2011,2011,t,42.04,A
16,'050,Bangladesh,4025,Potassium nitrate,5610,Import quantity,2012,2012,t,280.0,A
16,'050,Bangladesh,4025,Potassium nitrate,5610,Import quantity,2013,2013,t,96.22,X
16,'050,Bangladesh,4025,Potassium nitrate,5610,Import quantity,2014,2014,t,160.27,X
16,'050,Bangladesh,4025,Potassium nitrate,5610,Import quantity,2015,2015,t,211.6,A
16,'050,Bangladesh,4025,Potassium nitrate,5610,Import quantity,2016,2016,t,301.26,X
16,'050,Bangladesh,4025,Potassium nitrate,5610,Import quantity,2017,2017,t,399.24,X
16,'050,Bangladesh,4025,Potassium nitrate,5610,Import quantity,2018,2018,t,166.95,X
16,'050,Bangladesh,4025,Potassium nitrate,5610,Import quantity,2019,2019,t,67.34,X
16,'050,Bangladesh,4025,Potassium nitrate,5610,Import quantity,2020,2020,t,115.6,X
16,'050,Bangladesh,4025,Potassium nitrate,5610,Import quantity,2021,2021,t,394.49,X
16,'050,Bangladesh,4025,Potassium nitrate,5610,Import quantity,2022,2022,t,37.55,X
16,'050,Bangladesh,4025,Potassium nitrate,5610,Import quantity,2023,2023,t,143.35,X
16,'050,Bangladesh,4025,Potassium nitrate,5610,Import quantity,2024,2024,t,175.16,X
16,'050,Bangladesh,4025,Potassium nitrate,5622,Import value,2002,2002,1000 USD,18.91,A
16,'050,Bangladesh,4025,Potassium nitrate,5622,Import value,2003,2003,1000 USD,17.17,A
16,'050,Bangladesh,4025,Potassium nitrate,5622,Import value,2004,2004,1000 USD,14.78,A
16,'050,Bangladesh,4025,Potassium nitrate,5622,Import value,2005,2005,1000 USD,23.25,A
16,'050,Bangladesh,4025,Potassium nitrate,5622,Import value,2006,2006,1000 USD,104.47,A
16,'050,Bangladesh,4025,Potassium nitrate,5622,Import value,2007,2007,1000 USD,15.67,A
16,'050,Bangladesh,4025,Potassium nitrate,5622,Import value,2008,2008,1000 USD,0.49,A
16,'050,Bangladesh,4025,Potassium nitrate,5622,Import value,2009,2009,1000 USD,22.86,A
16,'050,Bangladesh,4025,Potassium nitrate,5622,Import value,2010,2010,1000 USD,100.16,A
16,'050,Bangladesh,4025,Potassium nitrate,5622,Import value,2011,2011,1000 USD,51.39,A
16,'050,Bangladesh,4025,Potassium nitrate,5622,Import value,2012,2012,1000 USD,346.92,A
16,'050,Bangladesh,4025,Potassium nitrate,5622,Import value,2013,2013,1000 USD,120.27,A
16,'050,Bangladesh,4025,Potassium nitrate,5622,Import value,2014,2014,1000 USD,158.26,X
16,'050,Bangladesh,4025,Potassium nitrate,5622,Import value,2015,2015,1000 USD,215.74,A
16,'050,Bangladesh,4025,Potassium nitrate,5622,Import value,2016,2016,1000 USD,254.25,X
16,'050,Bangladesh,4025,Potassium nitrate,5622,Import value,2017,2017,1000 USD,277.4,X
16,'050,Bangladesh,4025,Potassium nitrate,5622,Import value,2018,2018,1000 USD,147.61,X
16,'050,Bangladesh,4025,Potassium nitrate,5622,Import value,2019,2019,1000 USD,92.72,X
16,'050,Bangladesh,4025,Potassium nitrate,5622,Import value,2020,2020,1000 USD,93.81,X
16,'050,Bangladesh,4025,Potassium nitrate,5622,Import value,2021,2021,1000 USD,482.18,X
16,'050,Bangladesh,4025,Potassium nitrate,5622,Import value,2022,2022,1000 USD,99.47,X
16,'050,Bangladesh,4025,Potassium nitrate,5622,Import value,2023,2023,1000 USD,219.41,X
16,'050,Bangladesh,4025,Potassium nitrate,5622,Import value,2024,2024,1000 USD,196.32,X
16,'050,Bangladesh,4025,Potassium nitrate,5910,Export quantity,2022,2022,t,125.0,X
16,'050,Bangladesh,4025,Potassium nitrate,5922,Export value,2022,2022,1000 USD,118.75,X
16,'050,Bangladesh,4017,Potassium sulphate (sulphate of potash) (SOP),5610,Import quantity,2002,2002,t,9756.08,A
16,'050,Bangladesh,4017,Potassium sulphate (sulphate of potash) (SOP),5610,Import quantity,2003,2003,t,8489.31,A
16,'050,Bangladesh,4017,Potassium sulphate (sulphate of potash) (SOP),5610,Import quantity,2004,2004,t,14172.73,A
16,'050,Bangladesh,4017,Potassium sulphate (sulphate of potash) (SOP),5610,Import quantity,2005,2005,t,12996.7,A
16,'050,Bangladesh,4017,Potassium sulphate (sulphate of potash) (SOP),5610,Import quantity,2006,2006,t,6304.76,A
16,'050,Bangladesh,4017,Potassium sulphate (sulphate of potash) (SOP),5610,Import quantity,2007,2007,t,13330.15,A
16,'050,Bangladesh,4017,Potassium sulphate (sulphate of potash) (SOP),5610,Import quantity,2008,2008,t,5235.13,A
16,'050,Bangladesh,4017,Potassium sulphate (sulphate of potash) (SOP),5610,Import quantity,2009,2009,t,6332.0,A
16,'050,Bangladesh,4017,Potassium sulphate (sulphate of potash) (SOP),5610,Import quantity,2010,2010,t,6866.54,A
16,'050,Bangladesh,4017,Potassium sulphate (sulphate of potash) (SOP),5610,Import quantity,2011,2011,t,8031.85,A
16,'050,Bangladesh,4017,Potassium sulphate (sulphate of potash) (SOP),5610,Import quantity,2012,2012,t,8755.12,A
16,'050,Bangladesh,4017,Potassium sulphate (sulphate of potash) (SOP),5610,Import quantity,2013,2013,t,6327.48,A
16,'050,Bangladesh,4017,Potassium sulphate (sulphate of potash) (SOP),5610,Import quantity,2014,2014,t,2196.48,X
16,'050,Bangladesh,4017,Potassium sulphate (sulphate of potash) (SOP),5610,Import quantity,2015,2015,t,8163.01,A
16,'050,Bangladesh,4017,Potassium sulphate (sulphate of potash) (SOP),5610,Import quantity,2016,2016,t,246.15,X
16,'050,Bangladesh,4017,Potassium sulphate (sulphate of potash) (SOP),5610,Import quantity,2017,2017,t,5761.84,X
16,'050,Bangladesh,4017,Potassium sulphate (sulphate of potash) (SOP),5610,Import quantity,2018,2018,t,186.3,X
16,'050,Bangladesh,4017,Potassium sulphate (sulphate of potash) (SOP),5610,Import quantity,2019,2019,t,53.5,X
16,'050,Bangladesh,4017,Potassium sulphate (sulphate of potash) (SOP),5610,Import quantity,2020,2020,t,576.14,X
16,'050,Bangladesh,4017,Potassium sulphate (sulphate of potash) (SOP),5610,Import quantity,2021,2021,t,4242.6,X
16,'050,Bangladesh,4017,Potassium sulphate (sulphate of potash) (SOP),5610,Import quantity,2022,2022,t,663.04,X
16,'050,Bangladesh,4017,Potassium sulphate (sulphate of potash) (SOP),5610,Import quantity,2023,2023,t,3012.06,X
16,'050,Bangladesh,4017,Potassium sulphate (sulphate of potash) (SOP),5610,Import quantity,2024,2024,t,538.53,X
16,'050,Bangladesh,4017,Potassium sulphate (sulphate of potash) (SOP),5622,Import value,2002,2002,1000 USD,1015.65,A
16,'050,Bangladesh,4017,Potassium sulphate (sulphate of potash) (SOP),5622,Import value,2003,2003,1000 USD,1021.43,A
16,'050,Bangladesh,4017,Potassium sulphate (sulphate of potash) (SOP),5622,Import value,2004,2004,1000 USD,3172.09,A
16,'050,Bangladesh,4017,Potassium sulphate (sulphate of potash) (SOP),5622,Import value,2005,2005,1000 USD,3341.94,A
16,'050,Bangladesh,4017,Potassium sulphate (sulphate of potash) (SOP),5622,Import value,2006,2006,1000 USD,2262.88,A
16,'050,Bangladesh,4017,Potassium sulphate (sulphate of potash) (SOP),5622,Import value,2007,2007,1000 USD,2924.28,A
16,'050,Bangladesh,4017,Potassium sulphate (sulphate of potash) (SOP),5622,Import value,2008,2008,1000 USD,5916.38,A
16,'050,Bangladesh,4017,Potassium sulphate (sulphate of potash) (SOP),5622,Import value,2009,2009,1000 USD,4318.12,A
16,'050,Bangladesh,4017,Potassium sulphate (sulphate of potash) (SOP),5622,Import value,2010,2010,1000 USD,3586.75,A
16,'050,Bangladesh,4017,Potassium sulphate (sulphate of potash) (SOP),5622,Import value,2011,2011,1000 USD,5402.54,A
16,'050,Bangladesh,4017,Potassium sulphate (sulphate of potash) (SOP),5622,Import value,2012,2012,1000 USD,5741.04,A
16,'050,Bangladesh,4017,Potassium sulphate (sulphate of potash) (SOP),5622,Import value,2013,2013,1000 USD,4018.9,A
16,'050,Bangladesh,4017,Potassium sulphate (sulphate of potash) (SOP),5622,Import value,2014,2014,1000 USD,1547.43,X
16,'050,Bangladesh,4017,Potassium sulphate (sulphate of potash) (SOP),5622,Import value,2015,2015,1000 USD,5260.69,A
16,'050,Bangladesh,4017,Potassium sulphate (sulphate of potash) (SOP),5622,Import value,2016,2016,1000 USD,116.43,X
16,'050,Bangladesh,4017,Potassium sulphate (sulphate of potash) (SOP),5622,Import value,2017,2017,1000 USD,2965.47,X
16,'050,Bangladesh,4017,Potassium sulphate (sulphate of potash) (SOP),5622,Import value,2018,2018,1000 USD,118.96,X
16,'050,Bangladesh,4017,Potassium sulphate (sulphate of potash) (SOP),5622,Import value,2019,2019,1000 USD,33.5,X
16,'050,Bangladesh,4017,Potassium sulphate (sulphate of potash) (SOP),5622,Import value,2020,2020,1000 USD,242.53,X
16,'050,Bangladesh,4017,Potassium sulphate (sulphate of potash) (SOP),5622,Import value,2021,2021,1000 USD,2103.37,X
16,'050,Bangladesh,4017,Potassium sulphate (sulphate of potash) (SOP),5622,Import value,2022,2022,1000 USD,694.66,X
16,'050,Bangladesh,4017,Potassium sulphate (sulphate of potash) (SOP),5622,Import value,2023,2023,1000 USD,1546.02,X
16,'050,Bangladesh,4017,Potassium sulphate (sulphate of potash) (SOP),5622,Import value,2024,2024,1000 USD,402.28,X
16,'050,Bangladesh,4005,Sodium nitrate,5610,Import quantity,2002,2002,t,370.98,A
16,'050,Bangladesh,4005,Sodium nitrate,5610,Import quantity,2003,2003,t,455.87,A
16,'050,Bangladesh,4005,Sodium nitrate,5610,Import quantity,2004,2004,t,174.51,A
16,'050,Bangladesh,4005,Sodium nitrate,5610,Import quantity,2005,2005,t,195.06,A
16,'050,Bangladesh,4005,Sodium nitrate,5610,Import quantity,2006,2006,t,195.33,A
16,'050,Bangladesh,4005,Sodium nitrate,5610,Import quantity,2007,2007,t,64.5,A
16,'050,Bangladesh,4005,Sodium nitrate,5610,Import quantity,2008,2008,t,64.61,A
16,'050,Bangladesh,4005,Sodium nitrate,5610,Import quantity,2009,2009,t,213.05,A
16,'050,Bangladesh,4005,Sodium nitrate,5610,Import quantity,2010,2010,t,227.15,A
16,'050,Bangladesh,4005,Sodium nitrate,5610,Import quantity,2011,2011,t,331.4,A
16,'050,Bangladesh,4005,Sodium nitrate,5610,Import quantity,2012,2012,t,125.16,A
16,'050,Bangladesh,4005,Sodium nitrate,5610,Import quantity,2013,2013,t,100.0,A
16,'050,Bangladesh,4005,Sodium nitrate,5610,Import quantity,2014,2014,t,669.0,X
16,'050,Bangladesh,4005,Sodium nitrate,5610,Import quantity,2015,2015,t,1010.03,A
16,'050,Bangladesh,4005,Sodium nitrate,5610,Import quantity,2016,2016,t,135.76,X
16,'050,Bangladesh,4005,Sodium nitrate,5610,Import quantity,2017,2017,t,505.01,X
16,'050,Bangladesh,4005,Sodium nitrate,5610,Import quantity,2018,2018,t,398.2,X
16,'050,Bangladesh,4005,Sodium nitrate,5610,Import quantity,2019,2019,t,601.02,X
16,'050,Bangladesh,4005,Sodium nitrate,5610,Import quantity,2020,2020,t,559.43,X
16,'050,Bangladesh,4005,Sodium nitrate,5610,Import quantity,2021,2021,t,324.5,X
16,'050,Bangladesh,4005,Sodium nitrate,5610,Import quantity,2022,2022,t,178.1,X
16,'050,Bangladesh,4005,Sodium nitrate,5610,Import quantity,2023,2023,t,657.01,X
16,'050,Bangladesh,4005,Sodium nitrate,5610,Import quantity,2024,2024,t,872.13,X
16,'050,Bangladesh,4005,Sodium nitrate,5622,Import value,2002,2002,1000 USD,49.57,A
16,'050,Bangladesh,4005,Sodium nitrate,5622,Import value,2003,2003,1000 USD,52.39,A
16,'050,Bangladesh,4005,Sodium nitrate,5622,Import value,2004,2004,1000 USD,52.32,A
16,'050,Bangladesh,4005,Sodium nitrate,5622,Import value,2005,2005,1000 USD,66.39,A
16,'050,Bangladesh,4005,Sodium nitrate,5622,Import value,2006,2006,1000 USD,68.35,A
16,'050,Bangladesh,4005,Sodium nitrate,5622,Import value,2007,2007,1000 USD,28.45,A
16,'050,Bangladesh,4005,Sodium nitrate,5622,Import value,2008,2008,1000 USD,38.49,A
16,'050,Bangladesh,4005,Sodium nitrate,5622,Import value,2009,2009,1000 USD,121.91,A
16,'050,Bangladesh,4005,Sodium nitrate,5622,Import value,2010,2010,1000 USD,114.45,A
16,'050,Bangladesh,4005,Sodium nitrate,5622,Import value,2011,2011,1000 USD,189.0,A
16,'050,Bangladesh,4005,Sodium nitrate,5622,Import value,2012,2012,1000 USD,76.22,A
16,'050,Bangladesh,4005,Sodium nitrate,5622,Import value,2013,2013,1000 USD,57.12,A
16,'050,Bangladesh,4005,Sodium nitrate,5622,Import value,2014,2014,1000 USD,244.28,X
16,'050,Bangladesh,4005,Sodium nitrate,5622,Import value,2015,2015,1000 USD,27.19,A
16,'050,Bangladesh,4005,Sodium nitrate,5622,Import value,2016,2016,1000 USD,89.01,X
16,'050,Bangladesh,4005,Sodium nitrate,5622,Import value,2017,2017,1000 USD,214.25,X
16,'050,Bangladesh,4005,Sodium nitrate,5622,Import value,2018,2018,1000 USD,171.33,X
16,'050,Bangladesh,4005,Sodium nitrate,5622,Import value,2019,2019,1000 USD,249.69,X
16,'050,Bangladesh,4005,Sodium nitrate,5622,Import value,2020,2020,1000 USD,225.6,X
16,'050,Bangladesh,4005,Sodium nitrate,5622,Import value,2021,2021,1000 USD,152.06,X
16,'050,Bangladesh,4005,Sodium nitrate,5622,Import value,2022,2022,1000 USD,141.67,X
16,'050,Bangladesh,4005,Sodium nitrate,5622,Import value,2023,2023,1000 USD,446.84,X
16,'050,Bangladesh,4005,Sodium nitrate,5622,Import value,2024,2024,1000 USD,386.23,X
16,'050,Bangladesh,4012,Superphosphates above 35%,5510,Production,2003,2003,t,65220.0,A
16,'050,Bangladesh,4012,Superphosphates above 35%,5510,Production,2004,2004,t,67000.0,A
16,'050,Bangladesh,4012,Superphosphates above 35%,5510,Production,2005,2005,t,53840.0,A
16,'050,Bangladesh,4012,Superphosphates above 35%,5510,Production,2006,2006,t,56390.0,A
16,'050,Bangladesh,4012,Superphosphates above 35%,5510,Production,2007,2007,t,50000.0,A
16,'050,Bangladesh,4012,Superphosphates above 35%,5510,Production,2008,2008,t,47000.0,A
16,'050,Bangladesh,4012,Superphosphates above 35%,5510,Production,2009,2009,t,24000.0,A
16,'050,Bangladesh,4012,Superphosphates above 35%,5510,Production,2010,2010,t,77000.0,A
16,'050,Bangladesh,4012,Superphosphates above 35%,5510,Production,2011,2011,t,63000.0,A
16,'050,Bangladesh,4012,Superphosphates above 35%,5510,Production,2012,2012,t,65000.0,A
16,'050,Bangladesh,4012,Superphosphates above 35%,5510,Production,2013,2013,t,40000.0,A
16,'050,Bangladesh,4012,Superphosphates above 35%,5510,Production,2014,2014,t,86000.0,A
16,'050,Bangladesh,4012,Superphosphates above 35%,5510,Production,2015,2015,t,88000.0,A
16,'050,Bangladesh,4012,Superphosphates above 35%,5510,Production,2016,2016,t,95000.0,A
16,'050,Bangladesh,4012,Superphosphates above 35%,5510,Production,2017,2017,t,107000.0,A
16,'050,Bangladesh,4012,Superphosphates above 35%,5510,Production,2018,2018,t,100000.0,A
16,'050,Bangladesh,4012,Superphosphates above 35%,5510,Production,2019,2019,t,104000.0,A
16,'050,Bangladesh,4012,Superphosphates above 35%,5510,Production,2021,2021,t,88000.0,A
16,'050,Bangladesh,4012,Superphosphates above 35%,5510,Production,2022,2022,t,66000.0,A
16,'050,Bangladesh,4012,Superphosphates above 35%,5510,Production,2023,2023,t,100000.0,A
16,'050,Bangladesh,4012,Superphosphates above 35%,5510,Production,2024,2024,t,72000.0,A
16,'050,Bangladesh,4012,Superphosphates above 35%,5610,Import quantity,2002,2002,t,439881.26,A
16,'050,Bangladesh,4012,Superphosphates above 35%,5610,Import quantity,2003,2003,t,324210.25,A
16,'050,Bangladesh,4012,Superphosphates above 35%,5610,Import quantity,2004,2004,t,370716.83,A
16,'050,Bangladesh,4012,Superphosphates above 35%,5610,Import quantity,2005,2005,t,859287.83,A
16,'050,Bangladesh,4012,Superphosphates above 35%,5610,Import quantity,2006,2006,t,459583.94,A
16,'050,Bangladesh,4012,Superphosphates above 35%,5610,Import quantity,2007,2007,t,238997.51,A
16,'050,Bangladesh,4012,Superphosphates above 35%,5610,Import quantity,2008,2008,t,510973.21,A
16,'050,Bangladesh,4012,Superphosphates above 35%,5610,Import quantity,2009,2009,t,467345.3,A
16,'050,Bangladesh,4012,Superphosphates above 35%,5610,Import quantity,2010,2010,t,389717.67,A
16,'050,Bangladesh,4012,Superphosphates above 35%,5610,Import quantity,2011,2011,t,681356.97,A
16,'050,Bangladesh,4012,Superphosphates above 35%,5610,Import quantity,2012,2012,t,394713.39,A
16,'050,Bangladesh,4012,Superphosphates above 35%,5610,Import quantity,2013,2013,t,324485.0,A
16,'050,Bangladesh,4012,Superphosphates above 35%,5610,Import quantity,2014,2014,t,613445.03,X
16,'050,Bangladesh,4012,Superphosphates above 35%,5610,Import quantity,2015,2015,t,651912.87,A
16,'050,Bangladesh,4012,Superphosphates above 35%,5610,Import quantity,2016,2016,t,692562.29,X
16,'050,Bangladesh,4012,Superphosphates above 35%,5610,Import quantity,2017,2017,t,316714.7,X
16,'050,Bangladesh,4012,Superphosphates above 35%,5610,Import quantity,2018,2018,t,565039.6,X
16,'050,Bangladesh,4012,Superphosphates above 35%,5610,Import quantity,2019,2019,t,657455.6,X
16,'050,Bangladesh,4012,Superphosphates above 35%,5610,Import quantity,2020,2020,t,279280.7,X
16,'050,Bangladesh,4012,Superphosphates above 35%,5610,Import quantity,2021,2021,t,628742.99,X
16,'050,Bangladesh,4012,Superphosphates above 35%,5610,Import quantity,2022,2022,t,886629.3,X
16,'050,Bangladesh,4012,Superphosphates above 35%,5610,Import quantity,2023,2023,t,580625.0,X
16,'050,Bangladesh,4012,Superphosphates above 35%,5610,Import quantity,2024,2024,t,1036381.48,X
16,'050,Bangladesh,4012,Superphosphates above 35%,5622,Import value,2002,2002,1000 USD,47170.67,A
16,'050,Bangladesh,4012,Superphosphates above 35%,5622,Import value,2003,2003,1000 USD,51309.96,A
16,'050,Bangladesh,4012,Superphosphates above 35%,5622,Import value,2004,2004,1000 USD,77138.25,A
16,'050,Bangladesh,4012,Superphosphates above 35%,5622,Import value,2005,2005,1000 USD,125087.81,A
16,'050,Bangladesh,4012,Superphosphates above 35%,5622,Import value,2006,2006,1000 USD,63989.33,A
16,'050,Bangladesh,4012,Superphosphates above 35%,5622,Import value,2007,2007,1000 USD,62344.48,A
16,'050,Bangladesh,4012,Superphosphates above 35%,5622,Import value,2008,2008,1000 USD,336620.4,A
16,'050,Bangladesh,4012,Superphosphates above 35%,5622,Import value,2009,2009,1000 USD,142844.31,A
16,'050,Bangladesh,4012,Superphosphates above 35%,5622,Import value,2010,2010,1000 USD,170323.77,A
16,'050,Bangladesh,4012,Superphosphates above 35%,5622,Import value,2011,2011,1000 USD,419272.13,A
16,'050,Bangladesh,4012,Superphosphates above 35%,5622,Import value,2012,2012,1000 USD,225233.61,A
16,'050,Bangladesh,4012,Superphosphates above 35%,5622,Import value,2013,2013,1000 USD,157281.52,A
16,'050,Bangladesh,4012,Superphosphates above 35%,5622,Import value,2014,2014,1000 USD,246072.61,X
16,'050,Bangladesh,4012,Superphosphates above 35%,5622,Import value,2015,2015,1000 USD,296697.34,A
16,'050,Bangladesh,4012,Superphosphates above 35%,5622,Import value,2016,2016,1000 USD,202587.74,X
16,'050,Bangladesh,4012,Superphosphates above 35%,5622,Import value,2017,2017,1000 USD,85345.23,X
16,'050,Bangladesh,4012,Superphosphates above 35%,5622,Import value,2018,2018,1000 USD,180079.81,X
16,'050,Bangladesh,4012,Superphosphates above 35%,5622,Import value,2019,2019,1000 USD,202608.95,X
16,'050,Bangladesh,4012,Superphosphates above 35%,5622,Import value,2020,2020,1000 USD,70117.3,X
16,'050,Bangladesh,4012,Superphosphates above 35%,5622,Import value,2021,2021,1000 USD,330714.94,X
16,'050,Bangladesh,4012,Superphosphates above 35%,5622,Import value,2022,2022,1000 USD,736418.96,X
16,'050,Bangladesh,4012,Superphosphates above 35%,5622,Import value,2023,2023,1000 USD,228881.01,X
16,'050,Bangladesh,4012,Superphosphates above 35%,5622,Import value,2024,2024,1000 USD,526240.21,X
16,'050,Bangladesh,4012,Superphosphates above 35%,5910,Export quantity,2010,2010,t,9916.5,A
16,'050,Bangladesh,4012,Superphosphates above 35%,5910,Export quantity,2011,2011,t,575.0,A
16,'050,Bangladesh,4012,Superphosphates above 35%,5922,Export value,2010,2010,1000 USD,3065.74,A
16,'050,Bangladesh,4012,Superphosphates above 35%,5922,Export value,2011,2011,1000 USD,1789.39,A
16,'050,Bangladesh,4012,Superphosphates above 35%,5157,Agricultural Use,2002,2002,t,381630.0,I
16,'050,Bangladesh,4012,Superphosphates above 35%,5157,Agricultural Use,2003,2003,t,392800.0,I
16,'050,Bangladesh,4012,Superphosphates above 35%,5157,Agricultural Use,2004,2004,t,413458.0,I
16,'050,Bangladesh,4012,Superphosphates above 35%,5157,Agricultural Use,2005,2005,t,394905.0,I
16,'050,Bangladesh,4012,Superphosphates above 35%,5157,Agricultural Use,2006,2006,t,430320.0,I
16,'050,Bangladesh,4012,Superphosphates above 35%,5157,Agricultural Use,2008,2008,t,140627.0,I
16,'050,Bangladesh,4012,Superphosphates above 35%,5157,Agricultural Use,2009,2009,t,322000.0,I
16,'050,Bangladesh,4012,Superphosphates above 35%,5157,Agricultural Use,2010,2010,t,452000.0,I
16,'050,Bangladesh,4012,Superphosphates above 35%,5157,Agricultural Use,2011,2011,t,564000.0,A
16,'050,Bangladesh,4012,Superphosphates above 35%,5157,Agricultural Use,2013,2013,t,654000.0,A
16,'050,Bangladesh,4012,Superphosphates above 35%,5157,Agricultural Use,2014,2014,t,685000.0,A
16,'050,Bangladesh,4012,Superphosphates above 35%,5157,Agricultural Use,2015,2015,t,722000.0,A
16,'050,Bangladesh,4012,Superphosphates above 35%,5157,Agricultural Use,2016,2016,t,730000.0,A
16,'050,Bangladesh,4012,Superphosphates above 35%,5157,Agricultural Use,2017,2017,t,707000.0,A
16,'050,Bangladesh,4012,Superphosphates above 35%,5157,Agricultural Use,2018,2018,t,781000.0,A
16,'050,Bangladesh,4012,Superphosphates above 35%,5157,Agricultural Use,2019,2019,t,691000.0,A
16,'050,Bangladesh,4012,Superphosphates above 35%,5157,Agricultural Use,2020,2020,t,700000.0,A
16,'050,Bangladesh,4012,Superphosphates above 35%,5157,Agricultural Use,2021,2021,t,736000.0,A
16,'050,Bangladesh,4012,Superphosphates above 35%,5157,Agricultural Use,2022,2022,t,674000.0,A
16,'050,Bangladesh,4012,Superphosphates above 35%,5157,Agricultural Use,2023,2023,t,706000.0,A
16,'050,Bangladesh,4012,Superphosphates above 35%,5157,Agricultural Use,2024,2024,t,751000.0,A
16,'050,Bangladesh,4013,"Superphosphates, other",5510,Production,2003,2003,t,135360.0,A
16,'050,Bangladesh,4013,"Superphosphates, other",5510,Production,2004,2004,t,141000.0,A
16,'050,Bangladesh,4013,"Superphosphates, other",5510,Production,2005,2005,t,162530.0,A
16,'050,Bangladesh,4013,"Superphosphates, other",5510,Production,2006,2006,t,135140.0,A
16,'050,Bangladesh,4013,"Superphosphates, other",5510,Production,2007,2007,t,130000.0,A
16,'050,Bangladesh,4013,"Superphosphates, other",5610,Import quantity,2017,2017,t,120.0,X
16,'050,Bangladesh,4013,"Superphosphates, other",5610,Import quantity,2019,2019,t,107336.0,X
16,'050,Bangladesh,4013,"Superphosphates, other",5610,Import quantity,2020,2020,t,5000.0,X
16,'050,Bangladesh,4013,"Superphosphates, other",5610,Import quantity,2021,2021,t,56500.0,X
16,'050,Bangladesh,4013,"Superphosphates, other",5610,Import quantity,2022,2022,t,39000.0,X
16,'050,Bangladesh,4013,"Superphosphates, other",5622,Import value,2017,2017,1000 USD,17.45,X
16,'050,Bangladesh,4013,"Superphosphates, other",5622,Import value,2019,2019,1000 USD,32460.94,X
16,'050,Bangladesh,4013,"Superphosphates, other",5622,Import value,2020,2020,1000 USD,1591.74,X
16,'050,Bangladesh,4013,"Superphosphates, other",5622,Import value,2021,2021,1000 USD,29327.16,X
16,'050,Bangladesh,4013,"Superphosphates, other",5622,Import value,2022,2022,1000 USD,29922.7,X
16,'050,Bangladesh,4013,"Superphosphates, other",5157,Agricultural Use,2002,2002,t,135300.0,I
16,'050,Bangladesh,4013,"Superphosphates, other",5157,Agricultural Use,2003,2003,t,135360.0,I
16,'050,Bangladesh,4013,"Superphosphates, other",5157,Agricultural Use,2004,2004,t,153542.0,I
16,'050,Bangladesh,4013,"Superphosphates, other",5157,Agricultural Use,2005,2005,t,272885.0,I
16,'050,Bangladesh,4013,"Superphosphates, other",5157,Agricultural Use,2006,2006,t,135140.0,I
16,'050,Bangladesh,4013,"Superphosphates, other",5157,Agricultural Use,2008,2008,t,382000.0,A
16,'050,Bangladesh,4001,Urea,5510,Production,2002,2002,t,1801000.0,A
16,'050,Bangladesh,4001,Urea,5510,Production,2003,2003,t,2056740.0,A
16,'050,Bangladesh,4001,Urea,5510,Production,2004,2004,t,1986200.0,A
16,'050,Bangladesh,4001,Urea,5510,Production,2005,2005,t,1878300.0,A
16,'050,Bangladesh,4001,Urea,5510,Production,2006,2006,t,1730260.0,A
16,'050,Bangladesh,4001,Urea,5510,Production,2007,2007,t,1816860.0,A
16,'050,Bangladesh,4001,Urea,5510,Production,2008,2008,t,1475000.0,A
16,'050,Bangladesh,4001,Urea,5510,Production,2009,2009,t,1280000.0,A
16,'050,Bangladesh,4001,Urea,5510,Production,2010,2010,t,1056000.0,A
16,'050,Bangladesh,4001,Urea,5510,Production,2011,2011,t,909000.0,A
16,'050,Bangladesh,4001,Urea,5510,Production,2012,2012,t,933000.0,A
16,'050,Bangladesh,4001,Urea,5510,Production,2013,2013,t,1027000.0,A
16,'050,Bangladesh,4001,Urea,5510,Production,2014,2014,t,839000.0,A
16,'050,Bangladesh,4001,Urea,5510,Production,2015,2015,t,878000.0,A
16,'050,Bangladesh,4001,Urea,5510,Production,2016,2016,t,1008000.0,A
16,'050,Bangladesh,4001,Urea,5510,Production,2017,2017,t,923000.0,A
16,'050,Bangladesh,4001,Urea,5510,Production,2018,2018,t,764000.0,A
16,'050,Bangladesh,4001,Urea,5510,Production,2019,2019,t,796000.0,A
16,'050,Bangladesh,4001,Urea,5510,Production,2021,2021,t,1010000.0,A
16,'050,Bangladesh,4001,Urea,5510,Production,2022,2022,t,556000.0,A
16,'050,Bangladesh,4001,Urea,5510,Production,2023,2023,t,694000.0,A
16,'050,Bangladesh,4001,Urea,5510,Production,2024,2024,t,1122000.0,A
16,'050,Bangladesh,4001,Urea,5610,Import quantity,2002,2002,t,281270.01,A
16,'050,Bangladesh,4001,Urea,5610,Import quantity,2003,2003,t,12385.03,A
16,'050,Bangladesh,4001,Urea,5610,Import quantity,2004,2004,t,303116.29,A
16,'050,Bangladesh,4001,Urea,5610,Import quantity,2005,2005,t,739783.07,A
16,'050,Bangladesh,4001,Urea,5610,Import quantity,2006,2006,t,1104629.03,A
16,'050,Bangladesh,4001,Urea,5610,Import quantity,2007,2007,t,755239.3,A
16,'050,Bangladesh,4001,Urea,5610,Import quantity,2008,2008,t,789122.23,A
16,'050,Bangladesh,4001,Urea,5610,Import quantity,2009,2009,t,943784.62,A
16,'050,Bangladesh,4001,Urea,5610,Import quantity,2010,2010,t,1305893.6,A
16,'050,Bangladesh,4001,Urea,5610,Import quantity,2011,2011,t,1640362.12,A
16,'050,Bangladesh,4001,Urea,5610,Import quantity,2012,2012,t,503938.9,A
16,'050,Bangladesh,4001,Urea,5610,Import quantity,2013,2013,t,716647.37,A
16,'050,Bangladesh,4001,Urea,5610,Import quantity,2014,2014,t,763836.05,X
16,'050,Bangladesh,4001,Urea,5610,Import quantity,2015,2015,t,1173960.83,A
16,'050,Bangladesh,4001,Urea,5610,Import quantity,2016,2016,t,654731.29,X
16,'050,Bangladesh,4001,Urea,5610,Import quantity,2017,2017,t,351383.61,X
16,'050,Bangladesh,4001,Urea,5610,Import quantity,2018,2018,t,757100.82,X
16,'050,Bangladesh,4001,Urea,5610,Import quantity,2019,2019,t,759809.81,X
16,'050,Bangladesh,4001,Urea,5610,Import quantity,2020,2020,t,557360.38,X
16,'050,Bangladesh,4001,Urea,5610,Import quantity,2021,2021,t,520446.0,X
16,'050,Bangladesh,4001,Urea,5610,Import quantity,2022,2022,t,477524.63,X
16,'050,Bangladesh,4001,Urea,5610,Import quantity,2023,2023,t,356276.7,X
16,'050,Bangladesh,4001,Urea,5610,Import quantity,2024,2024,t,570019.43,X
16,'050,Bangladesh,4001,Urea,5622,Import value,2002,2002,1000 USD,34879.41,A
16,'050,Bangladesh,4001,Urea,5622,Import value,2003,2003,1000 USD,1871.73,A
16,'050,Bangladesh,4001,Urea,5622,Import value,2004,2004,1000 USD,40178.07,A
16,'050,Bangladesh,4001,Urea,5622,Import value,2005,2005,1000 USD,99243.72,A
16,'050,Bangladesh,4001,Urea,5622,Import value,2006,2006,1000 USD,130735.06,A
16,'050,Bangladesh,4001,Urea,5622,Import value,2007,2007,1000 USD,206812.98,A
16,'050,Bangladesh,4001,Urea,5622,Import value,2008,2008,1000 USD,547206.81,A
16,'050,Bangladesh,4001,Urea,5622,Import value,2009,2009,1000 USD,232165.05,A
16,'050,Bangladesh,4001,Urea,5622,Import value,2010,2010,1000 USD,486394.17,A
16,'050,Bangladesh,4001,Urea,5622,Import value,2011,2011,1000 USD,783413.21,A
16,'050,Bangladesh,4001,Urea,5622,Import value,2012,2012,1000 USD,317082.85,A
16,'050,Bangladesh,4001,Urea,5622,Import value,2013,2013,1000 USD,309467.39,A
16,'050,Bangladesh,4001,Urea,5622,Import value,2014,2014,1000 USD,251607.03,X
16,'050,Bangladesh,4001,Urea,5622,Import value,2015,2015,1000 USD,396669.35,A
16,'050,Bangladesh,4001,Urea,5622,Import value,2016,2016,1000 USD,149614.86,X
16,'050,Bangladesh,4001,Urea,5622,Import value,2017,2017,1000 USD,80904.7,X
16,'050,Bangladesh,4001,Urea,5622,Import value,2018,2018,1000 USD,219108.84,X
16,'050,Bangladesh,4001,Urea,5622,Import value,2019,2019,1000 USD,225378.61,X
16,'050,Bangladesh,4001,Urea,5622,Import value,2020,2020,1000 USD,156098.63,X
16,'050,Bangladesh,4001,Urea,5622,Import value,2021,2021,1000 USD,317151.2,X
16,'050,Bangladesh,4001,Urea,5622,Import value,2022,2022,1000 USD,330364.13,X
16,'050,Bangladesh,4001,Urea,5622,Import value,2023,2023,1000 USD,177480.01,X
16,'050,Bangladesh,4001,Urea,5622,Import value,2024,2024,1000 USD,207446.74,X
16,'050,Bangladesh,4001,Urea,5910,Export quantity,2002,2002,t,145123.45,A
16,'050,Bangladesh,4001,Urea,5910,Export quantity,2003,2003,t,610464.22,A
16,'050,Bangladesh,4001,Urea,5910,Export quantity,2004,2004,t,396929.36,A
16,'050,Bangladesh,4001,Urea,5910,Export quantity,2005,2005,t,775977.46,A
16,'050,Bangladesh,4001,Urea,5910,Export quantity,2006,2006,t,518256.66,A
16,'050,Bangladesh,4001,Urea,5910,Export quantity,2007,2007,t,354453.5,A
16,'050,Bangladesh,4001,Urea,5910,Export quantity,2008,2008,t,303793.87,A
16,'050,Bangladesh,4001,Urea,5910,Export quantity,2009,2009,t,377761.85,A
16,'050,Bangladesh,4001,Urea,5910,Export quantity,2010,2010,t,100651.93,A
16,'050,Bangladesh,4001,Urea,5910,Export quantity,2011,2011,t,65800.0,A
16,'050,Bangladesh,4001,Urea,5910,Export quantity,2012,2012,t,0.01,A
16,'050,Bangladesh,4001,Urea,5910,Export quantity,2013,2013,t,0.01,A
16,'050,Bangladesh,4001,Urea,5910,Export quantity,2016,2016,t,31000.02,X
16,'050,Bangladesh,4001,Urea,5910,Export quantity,2021,2021,t,52003.3,X
16,'050,Bangladesh,4001,Urea,5910,Export quantity,2024,2024,t,283.74,X
16,'050,Bangladesh,4001,Urea,5922,Export value,2002,2002,1000 USD,39214.63,A
16,'050,Bangladesh,4001,Urea,5922,Export value,2003,2003,1000 USD,53693.0,A
16,'050,Bangladesh,4001,Urea,5922,Export value,2004,2004,1000 USD,56174.26,A
16,'050,Bangladesh,4001,Urea,5922,Export value,2005,2005,1000 USD,95370.61,A
16,'050,Bangladesh,4001,Urea,5922,Export value,2006,2006,1000 USD,61134.66,A
16,'050,Bangladesh,4001,Urea,5922,Export value,2007,2007,1000 USD,70120.2,A
16,'050,Bangladesh,4001,Urea,5922,Export value,2008,2008,1000 USD,92407.81,A
16,'050,Bangladesh,4001,Urea,5922,Export value,2009,2009,1000 USD,65615.73,A
16,'050,Bangladesh,4001,Urea,5922,Export value,2010,2010,1000 USD,24381.9,A
16,'050,Bangladesh,4001,Urea,5922,Export value,2011,2011,1000 USD,41060.24,A
16,'050,Bangladesh,4001,Urea,5922,Export value,2012,2012,1000 USD,27.98,A
16,'050,Bangladesh,4001,Urea,5922,Export value,2013,2013,1000 USD,0.17,A
16,'050,Bangladesh,4001,Urea,5922,Export value,2016,2016,1000 USD,6093.45,X
16,'050,Bangladesh,4001,Urea,5922,Export value,2021,2021,1000 USD,26107.88,X
16,'050,Bangladesh,4001,Urea,5922,Export value,2024,2024,1000 USD,54.79,X
16,'050,Bangladesh,4001,Urea,5157,Agricultural Use,2002,2002,t,2247210.0,A
16,'050,Bangladesh,4001,Urea,5157,Agricultural Use,2003,2003,t,2008794.0,I
16,'050,Bangladesh,4001,Urea,5157,Agricultural Use,2004,2004,t,2013264.0,I
16,'050,Bangladesh,4001,Urea,5157,Agricultural Use,2005,2005,t,2054409.0,I
16,'050,Bangladesh,4001,Urea,5157,Agricultural Use,2006,2006,t,2296905.0,I
16,'050,Bangladesh,4001,Urea,5157,Agricultural Use,2008,2008,t,2763000.0,A
16,'050,Bangladesh,4001,Urea,5157,Agricultural Use,2009,2009,t,2487216.0,I
16,'050,Bangladesh,4001,Urea,5157,Agricultural Use,2010,2010,t,2455052.0,I
16,'050,Bangladesh,4001,Urea,5157,Agricultural Use,2011,2011,t,2652000.0,A
16,'050,Bangladesh,4001,Urea,5157,Agricultural Use,2012,2012,t,2296000.0,A
16,'050,Bangladesh,4001,Urea,5157,Agricultural Use,2013,2013,t,2247000.0,A
16,'050,Bangladesh,4001,Urea,5157,Agricultural Use,2014,2014,t,2462000.0,A
16,'050,Bangladesh,4001,Urea,5157,Agricultural Use,2015,2015,t,2638000.0,A
16,'050,Bangladesh,4001,Urea,5157,Agricultural Use,2016,2016,t,2291000.0,A
16,'050,Bangladesh,4001,Urea,5157,Agricultural Use,2017,2017,t,2427000.0,A
16,'050,Bangladesh,4001,Urea,5157,Agricultural Use,2018,2018,t,2594000.0,A
16,'050,Bangladesh,4001,Urea,5157,Agricultural Use,2019,2019,t,2510000.0,A
16,'050,Bangladesh,4001,Urea,5157,Agricultural Use,2020,2020,t,2599000.0,A
16,'050,Bangladesh,4001,Urea,5157,Agricultural Use,2021,2021,t,2663000.0,A
16,'050,Bangladesh,4001,Urea,5157,Agricultural Use,2022,2022,t,2525000.0,A
16,'050,Bangladesh,4001,Urea,5157,Agricultural Use,2023,2023,t,2623000.0,A
16,'050,Bangladesh,4001,Urea,5157,Agricultural Use,2024,2024,t,2697000.0,A
16,'050,Bangladesh,4006,Urea and ammonium nitrate solutions (UAN),5610,Import quantity,2004,2004,t,0.17,A
16,'050,Bangladesh,4006,Urea and ammonium nitrate solutions (UAN),5610,Import quantity,2007,2007,t,18.2,A
16,'050,Bangladesh,4006,Urea and ammonium nitrate solutions (UAN),5610,Import quantity,2011,2011,t,2.37,A
16,'050,Bangladesh,4006,Urea and ammonium nitrate solutions (UAN),5610,Import quantity,2013,2013,t,473.06,A
16,'050,Bangladesh,4006,Urea and ammonium nitrate solutions (UAN),5622,Import value,2004,2004,1000 USD,0.02,A
16,'050,Bangladesh,4006,Urea and ammonium nitrate solutions (UAN),5622,Import value,2007,2007,1000 USD,7.12,A
16,'050,Bangladesh,4006,Urea and ammonium nitrate solutions (UAN),5622,Import value,2011,2011,1000 USD,23.87,A
16,'050,Bangladesh,4006,Urea and ammonium nitrate solutions (UAN),5622,Import value,2013,2013,1000 USD,24.23,A
