Area Code,Area Code (M49),Area,Item Code,Item,Element Code,Element,Year Code,Year,Unit,Value,Flag,Note
16,'050,Bangladesh,3102,Nutrient nitrogen N (total),5510,Production,1961,1961,t,7768.0,A,Official data from questionnaire
16,'050,Bangladesh,3102,Nutrient nitrogen N (total),5510,Production,1962,1962,t,32176.0,A,Official data from questionnaire
16,'050,Bangladesh,3102,Nutrient nitrogen N (total),5510,Production,1963,1963,t,45775.0,A,Official data from questionnaire
16,'050,Bangladesh,3102,Nutrient nitrogen N (total),5510,Production,1964,1964,t,35040.0,A,Official data from questionnaire
16,'050,Bangladesh,3102,Nutrient nitrogen N (total),5510,Production,1965,1965,t,42065.0,A,Official data from questionnaire
16,'050,Bangladesh,3102,Nutrient nitrogen N (total),5510,Production,1966,1966,t,43045.0,A,Official data from questionnaire
16,'050,Bangladesh,3102,Nutrient nitrogen N (total),5510,Production,1967,1967,t,49950.0,A,Official data from questionnaire
16,'050,Bangladesh,3102,Nutrient nitrogen N (total),5510,Production,1968,1968,t,39823.0,A,Official data from questionnaire
16,'050,Bangladesh,3102,Nutrient nitrogen N (total),5510,Production,1969,1969,t,43424.0,A,Official data from questionnaire
16,'050,Bangladesh,3102,Nutrient nitrogen N (total),5510,Production,1970,1970,t,80169.0,A,Official data from questionnaire
16,'050,Bangladesh,3102,Nutrient nitrogen N (total),5510,Production,1971,1971,t,21251.0,A,Official data from questionnaire
16,'050,Bangladesh,3102,Nutrient nitrogen N (total),5510,Production,1972,1972,t,92230.0,A,Official data from questionnaire
16,'050,Bangladesh,3102,Nutrient nitrogen N (total),5510,Production,1973,1973,t,129700.0,A,Official data from questionnaire
16,'050,Bangladesh,3102,Nutrient nitrogen N (total),5510,Production,1974,1974,t,32680.0,A,Official data from questionnaire
16,'050,Bangladesh,3102,Nutrient nitrogen N (total),5510,Production,1975,1975,t,130983.0,A,Official data from questionnaire
16,'050,Bangladesh,3102,Nutrient nitrogen N (total),5510,Production,1976,1976,t,128058.0,A,Official data from questionnaire
16,'050,Bangladesh,3102,Nutrient nitrogen N (total),5510,Production,1977,1977,t,107674.0,A,Official data from questionnaire
16,'050,Bangladesh,3102,Nutrient nitrogen N (total),5510,Production,1978,1978,t,134851.0,A,Official data from questionnaire
16,'050,Bangladesh,3102,Nutrient nitrogen N (total),5510,Production,1979,1979,t,168125.0,A,Official data from questionnaire
16,'050,Bangladesh,3102,Nutrient nitrogen N (total),5510,Production,1980,1980,t,160508.0,A,Official data from questionnaire
16,'050,Bangladesh,3102,Nutrient nitrogen N (total),5510,Production,1981,1981,t,193428.0,A,Official data from questionnaire
16,'050,Bangladesh,3102,Nutrient nitrogen N (total),5510,Production,1982,1982,t,236579.0,A,Official data from questionnaire
16,'050,Bangladesh,3102,Nutrient nitrogen N (total),5510,Production,1983,1983,t,335316.0,A,Official data from questionnaire
16,'050,Bangladesh,3102,Nutrient nitrogen N (total),5510,Production,1984,1984,t,343096.0,A,Official data from questionnaire
16,'050,Bangladesh,3102,Nutrient nitrogen N (total),5510,Production,1985,1985,t,386182.0,A,Official data from questionnaire
16,'050,Bangladesh,3102,Nutrient nitrogen N (total),5510,Production,1986,1986,t,391327.0,A,Official data from questionnaire
16,'050,Bangladesh,3102,Nutrient nitrogen N (total),5510,Production,1987,1987,t,592734.0,A,Official data from questionnaire
16,'050,Bangladesh,3102,Nutrient nitrogen N (total),5510,Production,1988,1988,t,666108.0,A,Official data from questionnaire
16,'050,Bangladesh,3102,Nutrient nitrogen N (total),5510,Production,1989,1989,t,677340.0,A,Official data from questionnaire
16,'050,Bangladesh,3102,Nutrient nitrogen N (total),5510,Production,1990,1990,t,659300.0,X,Data sourced from another international organization
16,'050,Bangladesh,3102,Nutrient nitrogen N (total),5510,Production,1991,1991,t,759100.0,A,Official data from questionnaire
16,'050,Bangladesh,3102,Nutrient nitrogen N (total),5510,Production,1992,1992,t,925200.0,A,Official data from questionnaire
16,'050,Bangladesh,3102,Nutrient nitrogen N (total),5510,Production,1993,1993,t,995760.0,X,Data sourced from another international organization
16,'050,Bangladesh,3102,Nutrient nitrogen N (total),5510,Production,1994,1994,t,909840.0,A,Official data from questionnaire
16,'050,Bangladesh,3102,Nutrient nitrogen N (total),5510,Production,1995,1995,t,981640.0,A,Official data from questionnaire
16,'050,Bangladesh,3102,Nutrient nitrogen N (total),5510,Production,1996,1996,t,965739.0,X,Data sourced from another international organization
16,'050,Bangladesh,3102,Nutrient nitrogen N (total),5510,Production,1997,1997,t,868247.0,A,Official data from questionnaire
16,'050,Bangladesh,3102,Nutrient nitrogen N (total),5510,Production,1998,1998,t,1010100.0,X,Data sourced from another international organization
16,'050,Bangladesh,3102,Nutrient nitrogen N (total),5510,Production,1999,1999,t,1048800.0,X,Data sourced from another international organization
16,'050,Bangladesh,3102,Nutrient nitrogen N (total),5510,Production,2000,2000,t,1099800.0,X,Data sourced from another international organization
16,'050,Bangladesh,3102,Nutrient nitrogen N (total),5510,Production,2001,2001,t,1116680.0,X,Data sourced from another international organization
16,'050,Bangladesh,3102,Nutrient nitrogen N (total),5510,Production,2002,2002,t,1155433.0,I,
16,'050,Bangladesh,3102,Nutrient nitrogen N (total),5510,Production,2003,2003,t,952070.0,A,Official data collected from national publication
16,'050,Bangladesh,3102,Nutrient nitrogen N (total),5510,Production,2004,2004,t,923410.0,A,Official data collected from national publication
16,'050,Bangladesh,3102,Nutrient nitrogen N (total),5510,Production,2005,2005,t,880646.0,A,Official data collected from national publication
16,'050,Bangladesh,3102,Nutrient nitrogen N (total),5510,Production,2006,2006,t,815701.0,A,Official data collected from national publication
16,'050,Bangladesh,3102,Nutrient nitrogen N (total),5510,Production,2007,2007,t,855556.0,A,Official data collected from national publication
16,'050,Bangladesh,3102,Nutrient nitrogen N (total),5510,Production,2008,2008,t,692900.0,A,Official data collected from national publication
16,'050,Bangladesh,3102,Nutrient nitrogen N (total),5510,Production,2009,2009,t,594020.0,A,Official data collected from national publication
16,'050,Bangladesh,3102,Nutrient nitrogen N (total),5510,Production,2010,2010,t,491520.0,A,Official data collected from national publication
16,'050,Bangladesh,3102,Nutrient nitrogen N (total),5510,Production,2011,2011,t,425340.0,A,Official data collected from national publication
16,'050,Bangladesh,3102,Nutrient nitrogen N (total),5510,Production,2012,2012,t,437820.0,A,Official data collected from national publication
16,'050,Bangladesh,3102,Nutrient nitrogen N (total),5510,Production,2013,2013,t,477460.0,A,Official data from questionnaire
16,'050,Bangladesh,3102,Nutrient nitrogen N (total),5510,Production,2014,2014,t,394580.0,A,Official data from questionnaire
16,'050,Bangladesh,3102,Nutrient nitrogen N (total),5510,Production,2015,2015,t,415220.0,A,Official data from questionnaire
16,'050,Bangladesh,3102,Nutrient nitrogen N (total),5510,Production,2016,2016,t,482040.0,A,Official data from questionnaire
16,'050,Bangladesh,3102,Nutrient nitrogen N (total),5510,Production,2017,2017,t,435200.0,A,Official data from questionnaire
16,'050,Bangladesh,3102,Nutrient nitrogen N (total),5510,Production,2018,2018,t,361160.0,A,Official data from questionnaire
16,'050,Bangladesh,3102,Nutrient nitrogen N (total),5510,Production,2019,2019,t,379840.0,A,Official data from questionnaire
16,'050,Bangladesh,3102,Nutrient nitrogen N (total),5510,Production,2020,2020,t,379840.0,I,
16,'050,Bangladesh,3102,Nutrient nitrogen N (total),5510,Production,2021,2021,t,379840.0,I,
16,'050,Bangladesh,3102,Nutrient nitrogen N (total),5510,Production,2022,2022,t,379840.0,I,
16,'050,Bangladesh,3102,Nutrient nitrogen N (total),5510,Production,2023,2023,t,379840.0,I,
16,'050,Bangladesh,3102,Nutrient nitrogen N (total),5510,Production,2024,2024,t,379840.0,I,
16,'050,Bangladesh,3102,Nutrient nitrogen N (total),5610,Import quantity,1961,1961,t,10000.0,I,
16,'050,Bangladesh,3102,Nutrient nitrogen N (total),5610,Import quantity,1966,1966,t,14000.0,I,
16,'050,Bangladesh,3102,Nutrient nitrogen N (total),5610,Import quantity,1967,1967,t,22000.0,I,
16,'050,Bangladesh,3102,Nutrient nitrogen N (total),5610,Import quantity,1968,1968,t,36000.0,X,Data sourced from another international organization
16,'050,Bangladesh,3102,Nutrient nitrogen N (total),5610,Import quantity,1969,1969,t,47000.0,X,Data sourced from another international organization
16,'050,Bangladesh,3102,Nutrient nitrogen N (total),5610,Import quantity,1970,1970,t,9000.0,X,Data sourced from another international organization
16,'050,Bangladesh,3102,Nutrient nitrogen N (total),5610,Import quantity,1971,1971,t,57000.0,I,
16,'050,Bangladesh,3102,Nutrient nitrogen N (total),5610,Import quantity,1972,1972,t,57765.0,A,Official data from questionnaire
16,'050,Bangladesh,3102,Nutrient nitrogen N (total),5610,Import quantity,1974,1974,t,65447.0,A,Official data from questionnaire
16,'050,Bangladesh,3102,Nutrient nitrogen N (total),5610,Import quantity,1975,1975,t,33263.0,A,Official data from questionnaire
16,'050,Bangladesh,3102,Nutrient nitrogen N (total),5610,Import quantity,1976,1976,t,5060.0,A,Official data from questionnaire
16,'050,Bangladesh,3102,Nutrient nitrogen N (total),5610,Import quantity,1977,1977,t,119758.0,A,Official data from questionnaire
16,'050,Bangladesh,3102,Nutrient nitrogen N (total),5610,Import quantity,1978,1978,t,176021.0,A,Official data from questionnaire
16,'050,Bangladesh,3102,Nutrient nitrogen N (total),5610,Import quantity,1979,1979,t,140560.0,A,Official data from questionnaire
16,'050,Bangladesh,3102,Nutrient nitrogen N (total),5610,Import quantity,1980,1980,t,38800.0,A,Official data from questionnaire
16,'050,Bangladesh,3102,Nutrient nitrogen N (total),5610,Import quantity,1981,1981,t,124000.0,A,Official data from questionnaire
16,'050,Bangladesh,3102,Nutrient nitrogen N (total),5610,Import quantity,1982,1982,t,32800.0,A,Official data from questionnaire
16,'050,Bangladesh,3102,Nutrient nitrogen N (total),5610,Import quantity,1983,1983,t,56900.0,X,Data sourced from another international organization
16,'050,Bangladesh,3102,Nutrient nitrogen N (total),5610,Import quantity,1984,1984,t,78700.0,A,Official data from questionnaire
16,'050,Bangladesh,3102,Nutrient nitrogen N (total),5610,Import quantity,1985,1985,t,90000.0,A,Official data from questionnaire
16,'050,Bangladesh,3102,Nutrient nitrogen N (total),5610,Import quantity,1989,1989,t,28116.0,A,Official data from questionnaire
16,'050,Bangladesh,3102,Nutrient nitrogen N (total),5610,Import quantity,1990,1990,t,27499.0,E,
16,'050,Bangladesh,3102,Nutrient nitrogen N (total),5610,Import quantity,1991,1991,t,6400.0,A,Official data from questionnaire
16,'050,Bangladesh,3102,Nutrient nitrogen N (total),5610,Import quantity,1992,1992,t,5940.0,A,Official data from questionnaire
16,'050,Bangladesh,3102,Nutrient nitrogen N (total),5610,Import quantity,1993,1993,t,1608.0,E,
16,'050,Bangladesh,3102,Nutrient nitrogen N (total),5610,Import quantity,1994,1994,t,0.0,I,
16,'050,Bangladesh,3102,Nutrient nitrogen N (total),5610,Import quantity,1995,1995,t,1100.0,X,Data sourced from another international organization
16,'050,Bangladesh,3102,Nutrient nitrogen N (total),5610,Import quantity,1996,1996,t,183260.0,A,Official data from questionnaire
16,'050,Bangladesh,3102,Nutrient nitrogen N (total),5610,Import quantity,1997,1997,t,163000.0,X,Data sourced from another international organization
16,'050,Bangladesh,3102,Nutrient nitrogen N (total),5610,Import quantity,1998,1998,t,111800.0,X,Data sourced from another international organization
16,'050,Bangladesh,3102,Nutrient nitrogen N (total),5610,Import quantity,1999,1999,t,259700.0,X,Data sourced from another international organization
16,'050,Bangladesh,3102,Nutrient nitrogen N (total),5610,Import quantity,2000,2000,t,164000.0,X,Data sourced from another international organization
16,'050,Bangladesh,3102,Nutrient nitrogen N (total),5610,Import quantity,2001,2001,t,84640.0,X,Data sourced from another international organization
16,'050,Bangladesh,3102,Nutrient nitrogen N (total),5610,Import quantity,2002,2002,t,167116.0,E,
16,'050,Bangladesh,3102,Nutrient nitrogen N (total),5610,Import quantity,2003,2003,t,27052.0,E,
16,'050,Bangladesh,3102,Nutrient nitrogen N (total),5610,Import quantity,2004,2004,t,184974.0,E,
16,'050,Bangladesh,3102,Nutrient nitrogen N (total),5610,Import quantity,2005,2005,t,426729.0,E,
16,'050,Bangladesh,3102,Nutrient nitrogen N (total),5610,Import quantity,2006,2006,t,521165.0,E,
16,'050,Bangladesh,3102,Nutrient nitrogen N (total),5610,Import quantity,2007,2007,t,350877.0,E,
16,'050,Bangladesh,3102,Nutrient nitrogen N (total),5610,Import quantity,2008,2008,t,372125.0,E,
16,'050,Bangladesh,3102,Nutrient nitrogen N (total),5610,Import quantity,2009,2009,t,465116.0,E,
16,'050,Bangladesh,3102,Nutrient nitrogen N (total),5610,Import quantity,2010,2010,t,651103.0,E,
16,'050,Bangladesh,3102,Nutrient nitrogen N (total),5610,Import quantity,2011,2011,t,860912.0,E,
16,'050,Bangladesh,3102,Nutrient nitrogen N (total),5610,Import quantity,2012,2012,t,282548.0,E,
16,'050,Bangladesh,3102,Nutrient nitrogen N (total),5610,Import quantity,2013,2013,t,422747.0,E,
16,'050,Bangladesh,3102,Nutrient nitrogen N (total),5610,Import quantity,2014,2014,t,442489.0,E,
16,'050,Bangladesh,3102,Nutrient nitrogen N (total),5610,Import quantity,2015,2015,t,648205.0,E,
16,'050,Bangladesh,3102,Nutrient nitrogen N (total),5610,Import quantity,2016,2016,t,375138.0,E,
16,'050,Bangladesh,3102,Nutrient nitrogen N (total),5610,Import quantity,2017,2017,t,234034.0,E,
16,'050,Bangladesh,3102,Nutrient nitrogen N (total),5610,Import quantity,2018,2018,t,450350.0,E,
16,'050,Bangladesh,3102,Nutrient nitrogen N (total),5610,Import quantity,2019,2019,t,414078.0,E,
16,'050,Bangladesh,3102,Nutrient nitrogen N (total),5610,Import quantity,2020,2020,t,404485.0,E,
16,'050,Bangladesh,3102,Nutrient nitrogen N (total),5610,Import quantity,2021,2021,t,511634.0,E,
16,'050,Bangladesh,3102,Nutrient nitrogen N (total),5610,Import quantity,2022,2022,t,510576.0,E,
16,'050,Bangladesh,3102,Nutrient nitrogen N (total),5610,Import quantity,2023,2023,t,325842.0,E,
16,'050,Bangladesh,3102,Nutrient nitrogen N (total),5610,Import quantity,2024,2024,t,665242.0,E,
16,'050,Bangladesh,3102,Nutrient nitrogen N (total),5910,Export quantity,1980,1980,t,19090.0,A,Official data from questionnaire
16,'050,Bangladesh,3102,Nutrient nitrogen N (total),5910,Export quantity,1981,1981,t,4000.0,A,Official data from questionnaire
16,'050,Bangladesh,3102,Nutrient nitrogen N (total),5910,Export quantity,1982,1982,t,33100.0,A,Official data from questionnaire
16,'050,Bangladesh,3102,Nutrient nitrogen N (total),5910,Export quantity,1983,1983,t,23900.0,X,Data sourced from another international organization
16,'050,Bangladesh,3102,Nutrient nitrogen N (total),5910,Export quantity,1984,1984,t,12000.0,A,Official data from questionnaire
16,'050,Bangladesh,3102,Nutrient nitrogen N (total),5910,Export quantity,1985,1985,t,10000.0,A,Official data from questionnaire
16,'050,Bangladesh,3102,Nutrient nitrogen N (total),5910,Export quantity,1986,1986,t,18400.0,A,Official data from questionnaire
16,'050,Bangladesh,3102,Nutrient nitrogen N (total),5910,Export quantity,1987,1987,t,102694.0,A,Official data from questionnaire
16,'050,Bangladesh,3102,Nutrient nitrogen N (total),5910,Export quantity,1988,1988,t,181776.0,A,Official data from questionnaire
16,'050,Bangladesh,3102,Nutrient nitrogen N (total),5910,Export quantity,1989,1989,t,65800.0,A,Official data from questionnaire
16,'050,Bangladesh,3102,Nutrient nitrogen N (total),5910,Export quantity,1990,1990,t,126793.0,A,Official data from questionnaire
16,'050,Bangladesh,3102,Nutrient nitrogen N (total),5910,Export quantity,1991,1991,t,63500.0,A,Official data from questionnaire
16,'050,Bangladesh,3102,Nutrient nitrogen N (total),5910,Export quantity,1992,1992,t,177600.0,A,Official data from questionnaire
16,'050,Bangladesh,3102,Nutrient nitrogen N (total),5910,Export quantity,1993,1993,t,234140.0,A,Official data from questionnaire
16,'050,Bangladesh,3102,Nutrient nitrogen N (total),5910,Export quantity,1994,1994,t,203300.0,X,Data sourced from another international organization
16,'050,Bangladesh,3102,Nutrient nitrogen N (total),5910,Export quantity,1995,1995,t,161900.0,A,Official data from questionnaire
16,'050,Bangladesh,3102,Nutrient nitrogen N (total),5910,Export quantity,1996,1996,t,168300.0,A,Official data from questionnaire
16,'050,Bangladesh,3102,Nutrient nitrogen N (total),5910,Export quantity,1997,1997,t,98200.0,X,Data sourced from another international organization
16,'050,Bangladesh,3102,Nutrient nitrogen N (total),5910,Export quantity,1998,1998,t,193900.0,X,Data sourced from another international organization
16,'050,Bangladesh,3102,Nutrient nitrogen N (total),5910,Export quantity,1999,1999,t,172100.0,X,Data sourced from another international organization
16,'050,Bangladesh,3102,Nutrient nitrogen N (total),5910,Export quantity,2000,2000,t,161100.0,X,Data sourced from another international organization
16,'050,Bangladesh,3102,Nutrient nitrogen N (total),5910,Export quantity,2001,2001,t,195200.0,X,Data sourced from another international organization
16,'050,Bangladesh,3102,Nutrient nitrogen N (total),5910,Export quantity,2002,2002,t,71569.0,E,
16,'050,Bangladesh,3102,Nutrient nitrogen N (total),5910,Export quantity,2003,2003,t,288564.0,E,
16,'050,Bangladesh,3102,Nutrient nitrogen N (total),5910,Export quantity,2004,2004,t,182587.0,E,
16,'050,Bangladesh,3102,Nutrient nitrogen N (total),5910,Export quantity,2005,2005,t,356949.0,E,
16,'050,Bangladesh,3102,Nutrient nitrogen N (total),5910,Export quantity,2006,2006,t,238398.0,E,
16,'050,Bangladesh,3102,Nutrient nitrogen N (total),5910,Export quantity,2007,2007,t,163051.0,E,
16,'050,Bangladesh,3102,Nutrient nitrogen N (total),5910,Export quantity,2008,2008,t,139745.0,E,
16,'050,Bangladesh,3102,Nutrient nitrogen N (total),5910,Export quantity,2009,2009,t,173770.0,E,
16,'050,Bangladesh,3102,Nutrient nitrogen N (total),5910,Export quantity,2010,2010,t,46303.0,E,
16,'050,Bangladesh,3102,Nutrient nitrogen N (total),5910,Export quantity,2011,2011,t,30268.0,E,
16,'050,Bangladesh,3102,Nutrient nitrogen N (total),5910,Export quantity,2012,2012,t,0.0,E,
16,'050,Bangladesh,3102,Nutrient nitrogen N (total),5910,Export quantity,2013,2013,t,0.0,E,
16,'050,Bangladesh,3102,Nutrient nitrogen N (total),5910,Export quantity,2014,2014,t,0.0,E,
16,'050,Bangladesh,3102,Nutrient nitrogen N (total),5910,Export quantity,2015,2015,t,0.0,E,
16,'050,Bangladesh,3102,Nutrient nitrogen N (total),5910,Export quantity,2016,2016,t,14265.0,E,
16,'050,Bangladesh,3102,Nutrient nitrogen N (total),5910,Export quantity,2017,2017,t,0.0,E,
16,'050,Bangladesh,3102,Nutrient nitrogen N (total),5910,Export quantity,2018,2018,t,0.0,E,
16,'050,Bangladesh,3102,Nutrient nitrogen N (total),5910,Export quantity,2019,2019,t,0.0,E,
16,'050,Bangladesh,3102,Nutrient nitrogen N (total),5910,Export quantity,2020,2020,t,0.0,E,
16,'050,Bangladesh,3102,Nutrient nitrogen N (total),5910,Export quantity,2021,2021,t,23927.0,E,
16,'050,Bangladesh,3102,Nutrient nitrogen N (total),5910,Export quantity,2022,2022,t,17.0,E,
16,'050,Bangladesh,3102,Nutrient nitrogen N (total),5910,Export quantity,2023,2023,t,1.0,E,
16,'050,Bangladesh,3102,Nutrient nitrogen N (total),5910,Export quantity,2024,2024,t,130.0,E,
16,'050,Bangladesh,3102,Nutrient nitrogen N (total),5157,Agricultural Use,1961,1961,t,20000.0,A,Official data from questionnaire
16,'050,Bangladesh,3102,Nutrient nitrogen N (total),5157,Agricultural Use,1962,1962,t,24000.0,A,Official data from questionnaire
16,'050,Bangladesh,3102,Nutrient nitrogen N (total),5157,Agricultural Use,1963,1963,t,36000.0,A,Official data from questionnaire
16,'050,Bangladesh,3102,Nutrient nitrogen N (total),5157,Agricultural Use,1964,1964,t,34000.0,A,Official data from questionnaire
16,'050,Bangladesh,3102,Nutrient nitrogen N (total),5157,Agricultural Use,1965,1965,t,42900.0,A,Official data from questionnaire
16,'050,Bangladesh,3102,Nutrient nitrogen N (total),5157,Agricultural Use,1966,1966,t,56300.0,A,Official data from questionnaire
16,'050,Bangladesh,3102,Nutrient nitrogen N (total),5157,Agricultural Use,1967,1967,t,70900.0,A,Official data from questionnaire
16,'050,Bangladesh,3102,Nutrient nitrogen N (total),5157,Agricultural Use,1968,1968,t,76100.0,A,Official data from questionnaire
16,'050,Bangladesh,3102,Nutrient nitrogen N (total),5157,Agricultural Use,1969,1969,t,90400.0,A,Official data from questionnaire
16,'050,Bangladesh,3102,Nutrient nitrogen N (total),5157,Agricultural Use,1970,1970,t,97700.0,A,Official data from questionnaire
16,'050,Bangladesh,3102,Nutrient nitrogen N (total),5157,Agricultural Use,1971,1971,t,78100.0,A,Official data from questionnaire
16,'050,Bangladesh,3102,Nutrient nitrogen N (total),5157,Agricultural Use,1972,1972,t,129291.0,A,Official data from questionnaire
16,'050,Bangladesh,3102,Nutrient nitrogen N (total),5157,Agricultural Use,1973,1973,t,126953.0,A,Official data from questionnaire
16,'050,Bangladesh,3102,Nutrient nitrogen N (total),5157,Agricultural Use,1974,1974,t,82811.0,A,Official data from questionnaire
16,'050,Bangladesh,3102,Nutrient nitrogen N (total),5157,Agricultural Use,1975,1975,t,146618.0,A,Official data from questionnaire
16,'050,Bangladesh,3102,Nutrient nitrogen N (total),5157,Agricultural Use,1976,1976,t,167750.0,A,Official data from questionnaire
16,'050,Bangladesh,3102,Nutrient nitrogen N (total),5157,Agricultural Use,1977,1977,t,225191.0,A,Official data from questionnaire
16,'050,Bangladesh,3102,Nutrient nitrogen N (total),5157,Agricultural Use,1978,1978,t,227785.0,A,Official data from questionnaire
16,'050,Bangladesh,3102,Nutrient nitrogen N (total),5157,Agricultural Use,1979,1979,t,260215.0,A,Official data from questionnaire
16,'050,Bangladesh,3102,Nutrient nitrogen N (total),5157,Agricultural Use,1980,1980,t,267908.0,A,Official data from questionnaire
16,'050,Bangladesh,3102,Nutrient nitrogen N (total),5157,Agricultural Use,1981,1981,t,251628.0,A,Official data from questionnaire
16,'050,Bangladesh,3102,Nutrient nitrogen N (total),5157,Agricultural Use,1982,1982,t,304879.0,A,Official data from questionnaire
16,'050,Bangladesh,3102,Nutrient nitrogen N (total),5157,Agricultural Use,1983,1983,t,344928.0,A,Official data from questionnaire
16,'050,Bangladesh,3102,Nutrient nitrogen N (total),5157,Agricultural Use,1984,1984,t,384651.0,A,Official data from questionnaire
16,'050,Bangladesh,3102,Nutrient nitrogen N (total),5157,Agricultural Use,1985,1985,t,367785.0,A,Official data from questionnaire
16,'050,Bangladesh,3102,Nutrient nitrogen N (total),5157,Agricultural Use,1986,1986,t,422956.0,A,Official data from questionnaire
16,'050,Bangladesh,3102,Nutrient nitrogen N (total),5157,Agricultural Use,1987,1987,t,474614.0,A,Official data from questionnaire
16,'050,Bangladesh,3102,Nutrient nitrogen N (total),5157,Agricultural Use,1988,1988,t,528608.0,A,Official data from questionnaire
16,'050,Bangladesh,3102,Nutrient nitrogen N (total),5157,Agricultural Use,1989,1989,t,629795.0,A,Official data from questionnaire
16,'050,Bangladesh,3102,Nutrient nitrogen N (total),5157,Agricultural Use,1990,1990,t,609163.0,A,Official data from questionnaire
16,'050,Bangladesh,3102,Nutrient nitrogen N (total),5157,Agricultural Use,1991,1991,t,705600.0,A,Official data from questionnaire
16,'050,Bangladesh,3102,Nutrient nitrogen N (total),5157,Agricultural Use,1992,1992,t,713300.0,X,Data sourced from another international organization
16,'050,Bangladesh,3102,Nutrient nitrogen N (total),5157,Agricultural Use,1993,1993,t,733562.0,A,Official data from questionnaire
16,'050,Bangladesh,3102,Nutrient nitrogen N (total),5157,Agricultural Use,1994,1994,t,803540.0,A,Official data from questionnaire
16,'050,Bangladesh,3102,Nutrient nitrogen N (total),5157,Agricultural Use,1995,1995,t,943000.0,A,Official data from questionnaire
16,'050,Bangladesh,3102,Nutrient nitrogen N (total),5157,Agricultural Use,1996,1996,t,996070.0,X,Data sourced from another international organization
16,'050,Bangladesh,3102,Nutrient nitrogen N (total),5157,Agricultural Use,1997,1997,t,876600.0,A,Official data from questionnaire
16,'050,Bangladesh,3102,Nutrient nitrogen N (total),5157,Agricultural Use,1998,1998,t,882500.0,X,Data sourced from another international organization
16,'050,Bangladesh,3102,Nutrient nitrogen N (total),5157,Agricultural Use,1999,1999,t,1014700.0,A,Official data from questionnaire
16,'050,Bangladesh,3102,Nutrient nitrogen N (total),5157,Agricultural Use,2000,2000,t,995852.0,A,Official data from questionnaire
16,'050,Bangladesh,3102,Nutrient nitrogen N (total),5157,Agricultural Use,2001,2001,t,1054245.0,A,Official data from questionnaire
16,'050,Bangladesh,3102,Nutrient nitrogen N (total),5157,Agricultural Use,2002,2002,t,1079064.0,A,Official data collected from national publication
16,'050,Bangladesh,3102,Nutrient nitrogen N (total),5157,Agricultural Use,2003,2003,t,951340.0,I,
16,'050,Bangladesh,3102,Nutrient nitrogen N (total),5157,Agricultural Use,2004,2004,t,954039.0,A,Official data collected from national publication
16,'050,Bangladesh,3102,Nutrient nitrogen N (total),5157,Agricultural Use,2005,2005,t,993327.0,A,Official data collected from national publication
16,'050,Bangladesh,3102,Nutrient nitrogen N (total),5157,Agricultural Use,2006,2006,t,1098892.0,A,Official data collected from national publication
16,'050,Bangladesh,3102,Nutrient nitrogen N (total),5157,Agricultural Use,2007,2007,t,1048507.0,A,Official data collected from national publication
16,'050,Bangladesh,3102,Nutrient nitrogen N (total),5157,Agricultural Use,2008,2008,t,1287000.0,A,Official data collected from national publication
16,'050,Bangladesh,3102,Nutrient nitrogen N (total),5157,Agricultural Use,2009,2009,t,1156139.0,I,
16,'050,Bangladesh,3102,Nutrient nitrogen N (total),5157,Agricultural Use,2010,2010,t,1166810.0,I,
16,'050,Bangladesh,3102,Nutrient nitrogen N (total),5157,Agricultural Use,2011,2011,t,1274820.0,A,Official data collected from national publication
16,'050,Bangladesh,3102,Nutrient nitrogen N (total),5157,Agricultural Use,2012,2012,t,1129780.0,A,Official data from questionnaire
16,'050,Bangladesh,3102,Nutrient nitrogen N (total),5157,Agricultural Use,2013,2013,t,1111740.0,A,Official data from questionnaire
16,'050,Bangladesh,3102,Nutrient nitrogen N (total),5157,Agricultural Use,2014,2014,t,1230260.0,A,Official data from questionnaire
16,'050,Bangladesh,3102,Nutrient nitrogen N (total),5157,Agricultural Use,2015,2015,t,1320940.0,I,
16,'050,Bangladesh,3102,Nutrient nitrogen N (total),5157,Agricultural Use,2016,2016,t,1172300.0,A,Official data from questionnaire
16,'050,Bangladesh,3102,Nutrient nitrogen N (total),5157,Agricultural Use,2017,2017,t,1240440.0,A,Official data from questionnaire
16,'050,Bangladesh,3102,Nutrient nitrogen N (total),5157,Agricultural Use,2018,2018,t,1330580.0,I,
16,'050,Bangladesh,3102,Nutrient nitrogen N (total),5157,Agricultural Use,2019,2019,t,1327760.0,I,
16,'050,Bangladesh,3102,Nutrient nitrogen N (total),5157,Agricultural Use,2020,2020,t,1361860.0,I,
16,'050,Bangladesh,3102,Nutrient nitrogen N (total),5157,Agricultural Use,2021,2021,t,1528280.0,I,
16,'050,Bangladesh,3102,Nutrient nitrogen N (total),5157,Agricultural Use,2022,2022,t,1509460.0,I,
16,'050,Bangladesh,3102,Nutrient nitrogen N (total),5157,Agricultural Use,2023,2023,t,1498943.0,I,
16,'050,Bangladesh,3102,Nutrient nitrogen N (total),5157,Agricultural Use,2024,2024,t,1511880.0,E,
16,'050,Bangladesh,3102,Nutrient nitrogen N (total),5159,Use per area of cropland,1961,1961,kg/ha,2.25,E,
16,'050,Bangladesh,3102,Nutrient nitrogen N (total),5159,Use per area of cropland,1962,1962,kg/ha,2.7,E,
16,'050,Bangladesh,3102,Nutrient nitrogen N (total),5159,Use per area of cropland,1963,1963,kg/ha,4.05,E,
16,'050,Bangladesh,3102,Nutrient nitrogen N (total),5159,Use per area of cropland,1964,1964,kg/ha,3.81,E,
16,'050,Bangladesh,3102,Nutrient nitrogen N (total),5159,Use per area of cropland,1965,1965,kg/ha,4.75,E,
16,'050,Bangladesh,3102,Nutrient nitrogen N (total),5159,Use per area of cropland,1966,1966,kg/ha,6.22,E,
16,'050,Bangladesh,3102,Nutrient nitrogen N (total),5159,Use per area of cropland,1967,1967,kg/ha,7.8,E,
16,'050,Bangladesh,3102,Nutrient nitrogen N (total),5159,Use per area of cropland,1968,1968,kg/ha,8.39,E,
16,'050,Bangladesh,3102,Nutrient nitrogen N (total),5159,Use per area of cropland,1969,1969,kg/ha,9.96,E,
16,'050,Bangladesh,3102,Nutrient nitrogen N (total),5159,Use per area of cropland,1970,1970,kg/ha,10.74,E,
16,'050,Bangladesh,3102,Nutrient nitrogen N (total),5159,Use per area of cropland,1971,1971,kg/ha,8.59,E,
16,'050,Bangladesh,3102,Nutrient nitrogen N (total),5159,Use per area of cropland,1972,1972,kg/ha,13.77,E,
16,'050,Bangladesh,3102,Nutrient nitrogen N (total),5159,Use per area of cropland,1973,1973,kg/ha,13.52,E,
16,'050,Bangladesh,3102,Nutrient nitrogen N (total),5159,Use per area of cropland,1974,1974,kg/ha,8.82,E,
16,'050,Bangladesh,3102,Nutrient nitrogen N (total),5159,Use per area of cropland,1975,1975,kg/ha,15.59,E,
16,'050,Bangladesh,3102,Nutrient nitrogen N (total),5159,Use per area of cropland,1976,1976,kg/ha,17.85,E,
16,'050,Bangladesh,3102,Nutrient nitrogen N (total),5159,Use per area of cropland,1977,1977,kg/ha,23.98,E,
16,'050,Bangladesh,3102,Nutrient nitrogen N (total),5159,Use per area of cropland,1978,1978,kg/ha,24.27,E,
16,'050,Bangladesh,3102,Nutrient nitrogen N (total),5159,Use per area of cropland,1979,1979,kg/ha,27.73,E,
16,'050,Bangladesh,3102,Nutrient nitrogen N (total),5159,Use per area of cropland,1980,1980,kg/ha,28.54,E,
16,'050,Bangladesh,3102,Nutrient nitrogen N (total),5159,Use per area of cropland,1981,1981,kg/ha,26.82,E,
16,'050,Bangladesh,3102,Nutrient nitrogen N (total),5159,Use per area of cropland,1982,1982,kg/ha,32.51,E,
16,'050,Bangladesh,3102,Nutrient nitrogen N (total),5159,Use per area of cropland,1983,1983,kg/ha,36.84,E,
16,'050,Bangladesh,3102,Nutrient nitrogen N (total),5159,Use per area of cropland,1984,1984,kg/ha,40.66,E,
16,'050,Bangladesh,3102,Nutrient nitrogen N (total),5159,Use per area of cropland,1985,1985,kg/ha,39.01,E,
16,'050,Bangladesh,3102,Nutrient nitrogen N (total),5159,Use per area of cropland,1986,1986,kg/ha,44.8,E,
16,'050,Bangladesh,3102,Nutrient nitrogen N (total),5159,Use per area of cropland,1987,1987,kg/ha,49.88,E,
16,'050,Bangladesh,3102,Nutrient nitrogen N (total),5159,Use per area of cropland,1988,1988,kg/ha,53.79,E,
16,'050,Bangladesh,3102,Nutrient nitrogen N (total),5159,Use per area of cropland,1989,1989,kg/ha,63.98,E,
16,'050,Bangladesh,3102,Nutrient nitrogen N (total),5159,Use per area of cropland,1990,1990,kg/ha,62.25,E,
16,'050,Bangladesh,3102,Nutrient nitrogen N (total),5159,Use per area of cropland,1991,1991,kg/ha,72.59,E,
16,'050,Bangladesh,3102,Nutrient nitrogen N (total),5159,Use per area of cropland,1992,1992,kg/ha,79.71,E,
16,'050,Bangladesh,3102,Nutrient nitrogen N (total),5159,Use per area of cropland,1993,1993,kg/ha,82.93,E,
16,'050,Bangladesh,3102,Nutrient nitrogen N (total),5159,Use per area of cropland,1994,1994,kg/ha,91.75,E,
16,'050,Bangladesh,3102,Nutrient nitrogen N (total),5159,Use per area of cropland,1995,1995,kg/ha,107.48,E,
16,'050,Bangladesh,3102,Nutrient nitrogen N (total),5159,Use per area of cropland,1996,1996,kg/ha,114.14,E,
16,'050,Bangladesh,3102,Nutrient nitrogen N (total),5159,Use per area of cropland,1997,1997,kg/ha,100.01,E,
16,'050,Bangladesh,3102,Nutrient nitrogen N (total),5159,Use per area of cropland,1998,1998,kg/ha,99.9,E,
16,'050,Bangladesh,3102,Nutrient nitrogen N (total),5159,Use per area of cropland,1999,1999,kg/ha,114.19,E,
16,'050,Bangladesh,3102,Nutrient nitrogen N (total),5159,Use per area of cropland,2000,2000,kg/ha,113.17,E,
16,'050,Bangladesh,3102,Nutrient nitrogen N (total),5159,Use per area of cropland,2001,2001,kg/ha,119.76,E,
16,'050,Bangladesh,3102,Nutrient nitrogen N (total),5159,Use per area of cropland,2002,2002,kg/ha,123.28,E,
16,'050,Bangladesh,3102,Nutrient nitrogen N (total),5159,Use per area of cropland,2003,2003,kg/ha,109.0,E,
16,'050,Bangladesh,3102,Nutrient nitrogen N (total),5159,Use per area of cropland,2004,2004,kg/ha,109.37,E,
16,'050,Bangladesh,3102,Nutrient nitrogen N (total),5159,Use per area of cropland,2005,2005,kg/ha,114.03,E,
16,'050,Bangladesh,3102,Nutrient nitrogen N (total),5159,Use per area of cropland,2006,2006,kg/ha,126.6,E,
16,'050,Bangladesh,3102,Nutrient nitrogen N (total),5159,Use per area of cropland,2007,2007,kg/ha,120.99,E,
16,'050,Bangladesh,3102,Nutrient nitrogen N (total),5159,Use per area of cropland,2008,2008,kg/ha,148.73,E,
16,'050,Bangladesh,3102,Nutrient nitrogen N (total),5159,Use per area of cropland,2009,2009,kg/ha,133.72,E,
16,'050,Bangladesh,3102,Nutrient nitrogen N (total),5159,Use per area of cropland,2010,2010,kg/ha,135.03,E,
16,'050,Bangladesh,3102,Nutrient nitrogen N (total),5159,Use per area of cropland,2011,2011,kg/ha,149.49,E,
16,'050,Bangladesh,3102,Nutrient nitrogen N (total),5159,Use per area of cropland,2012,2012,kg/ha,132.6,E,
16,'050,Bangladesh,3102,Nutrient nitrogen N (total),5159,Use per area of cropland,2013,2013,kg/ha,130.67,E,
16,'050,Bangladesh,3102,Nutrient nitrogen N (total),5159,Use per area of cropland,2014,2014,kg/ha,144.75,E,
16,'050,Bangladesh,3102,Nutrient nitrogen N (total),5159,Use per area of cropland,2015,2015,kg/ha,154.28,E,
16,'050,Bangladesh,3102,Nutrient nitrogen N (total),5159,Use per area of cropland,2016,2016,kg/ha,136.41,E,
16,'050,Bangladesh,3102,Nutrient nitrogen N (total),5159,Use per area of cropland,2017,2017,kg/ha,144.45,E,
16,'050,Bangladesh,3102,Nutrient nitrogen N (total),5159,Use per area of cropland,2018,2018,kg/ha,154.68,E,
16,'050,Bangladesh,3102,Nutrient nitrogen N (total),5159,Use per area of cropland,2019,2019,kg/ha,150.93,E,
16,'050,Bangladesh,3102,Nutrient nitrogen N (total),5159,Use per area of cropland,2020,2020,kg/ha,154.23,E,
16,'050,Bangladesh,3102,Nutrient nitrogen N (total),5159,Use per area of cropland,2021,2021,kg/ha,173.31,E,
16,'050,Bangladesh,3102,Nutrient nitrogen N (total),5159,Use per area of cropland,2022,2022,kg/ha,171.0,E,
16,'050,Bangladesh,3102,Nutrient nitrogen N (total),5159,Use per area of cropland,2023,2023,kg/ha,170.35,E,
16,'050,Bangladesh,3102,Nutrient nitrogen N (total),5159,Use per area of cropland,2024,2024,kg/ha,171.82,E,
16,'050,Bangladesh,3102,Nutrient nitrogen N (total),5172,Use per capita,1961,1961,kg/cap,0.38,E,
16,'050,Bangladesh,3102,Nutrient nitrogen N (total),5172,Use per capita,1962,1962,kg/cap,0.44,E,
16,'050,Bangladesh,3102,Nutrient nitrogen N (total),5172,Use per capita,1963,1963,kg/cap,0.64,E,
16,'050,Bangladesh,3102,Nutrient nitrogen N (total),5172,Use per capita,1964,1964,kg/cap,0.58,E,
16,'050,Bangladesh,3102,Nutrient nitrogen N (total),5172,Use per capita,1965,1965,kg/cap,0.72,E,
16,'050,Bangladesh,3102,Nutrient nitrogen N (total),5172,Use per capita,1966,1966,kg/cap,0.91,E,
16,'050,Bangladesh,3102,Nutrient nitrogen N (total),5172,Use per capita,1967,1967,kg/cap,1.12,E,
16,'050,Bangladesh,3102,Nutrient nitrogen N (total),5172,Use per capita,1968,1968,kg/cap,1.16,E,
16,'050,Bangladesh,3102,Nutrient nitrogen N (total),5172,Use per capita,1969,1969,kg/cap,1.34,E,
16,'050,Bangladesh,3102,Nutrient nitrogen N (total),5172,Use per capita,1970,1970,kg/cap,1.41,E,
16,'050,Bangladesh,3102,Nutrient nitrogen N (total),5172,Use per capita,1971,1971,kg/cap,1.11,E,
16,'050,Bangladesh,3102,Nutrient nitrogen N (total),5172,Use per capita,1972,1972,kg/cap,1.8,E,
16,'050,Bangladesh,3102,Nutrient nitrogen N (total),5172,Use per capita,1973,1973,kg/cap,1.72,E,
16,'050,Bangladesh,3102,Nutrient nitrogen N (total),5172,Use per capita,1974,1974,kg/cap,1.09,E,
16,'050,Bangladesh,3102,Nutrient nitrogen N (total),5172,Use per capita,1975,1975,kg/cap,1.88,E,
16,'050,Bangladesh,3102,Nutrient nitrogen N (total),5172,Use per capita,1976,1976,kg/cap,2.1,E,
16,'050,Bangladesh,3102,Nutrient nitrogen N (total),5172,Use per capita,1977,1977,kg/cap,2.75,E,
16,'050,Bangladesh,3102,Nutrient nitrogen N (total),5172,Use per capita,1978,1978,kg/cap,2.72,E,
16,'050,Bangladesh,3102,Nutrient nitrogen N (total),5172,Use per capita,1979,1979,kg/cap,3.03,E,
16,'050,Bangladesh,3102,Nutrient nitrogen N (total),5172,Use per capita,1980,1980,kg/cap,3.04,E,
16,'050,Bangladesh,3102,Nutrient nitrogen N (total),5172,Use per capita,1981,1981,kg/cap,2.79,E,
16,'050,Bangladesh,3102,Nutrient nitrogen N (total),5172,Use per capita,1982,1982,kg/cap,3.28,E,
16,'050,Bangladesh,3102,Nutrient nitrogen N (total),5172,Use per capita,1983,1983,kg/cap,3.62,E,
16,'050,Bangladesh,3102,Nutrient nitrogen N (total),5172,Use per capita,1984,1984,kg/cap,3.93,E,
16,'050,Bangladesh,3102,Nutrient nitrogen N (total),5172,Use per capita,1985,1985,kg/cap,3.67,E,
16,'050,Bangladesh,3102,Nutrient nitrogen N (total),5172,Use per capita,1986,1986,kg/cap,4.12,E,
16,'050,Bangladesh,3102,Nutrient nitrogen N (total),5172,Use per capita,1987,1987,kg/cap,4.52,E,
16,'050,Bangladesh,3102,Nutrient nitrogen N (total),5172,Use per capita,1988,1988,kg/cap,4.93,E,
16,'050,Bangladesh,3102,Nutrient nitrogen N (total),5172,Use per capita,1989,1989,kg/cap,5.76,E,
16,'050,Bangladesh,3102,Nutrient nitrogen N (total),5172,Use per capita,1990,1990,kg/cap,5.46,E,
16,'050,Bangladesh,3102,Nutrient nitrogen N (total),5172,Use per capita,1991,1991,kg/cap,6.2,E,
16,'050,Bangladesh,3102,Nutrient nitrogen N (total),5172,Use per capita,1992,1992,kg/cap,6.15,E,
16,'050,Bangladesh,3102,Nutrient nitrogen N (total),5172,Use per capita,1993,1993,kg/cap,6.21,E,
16,'050,Bangladesh,3102,Nutrient nitrogen N (total),5172,Use per capita,1994,1994,kg/cap,6.68,E,
16,'050,Bangladesh,3102,Nutrient nitrogen N (total),5172,Use per capita,1995,1995,kg/cap,7.69,E,
16,'050,Bangladesh,3102,Nutrient nitrogen N (total),5172,Use per capita,1996,1996,kg/cap,7.98,E,
16,'050,Bangladesh,3102,Nutrient nitrogen N (total),5172,Use per capita,1997,1997,kg/cap,6.89,E,
16,'050,Bangladesh,3102,Nutrient nitrogen N (total),5172,Use per capita,1998,1998,kg/cap,6.81,E,
16,'050,Bangladesh,3102,Nutrient nitrogen N (total),5172,Use per capita,1999,1999,kg/cap,7.68,E,
16,'050,Bangladesh,3102,Nutrient nitrogen N (total),5172,Use per capita,2000,2000,kg/cap,7.4,E,
16,'050,Bangladesh,3102,Nutrient nitrogen N (total),5172,Use per capita,2001,2001,kg/cap,7.71,E,
16,'050,Bangladesh,3102,Nutrient nitrogen N (total),5172,Use per capita,2002,2002,kg/cap,7.77,E,
16,'050,Bangladesh,3102,Nutrient nitrogen N (total),5172,Use per capita,2003,2003,kg/cap,6.75,E,
16,'050,Bangladesh,3102,Nutrient nitrogen N (total),5172,Use per capita,2004,2004,kg/cap,6.68,E,
16,'050,Bangladesh,3102,Nutrient nitrogen N (total),5172,Use per capita,2005,2005,kg/cap,6.86,E,
16,'050,Bangladesh,3102,Nutrient nitrogen N (total),5172,Use per capita,2006,2006,kg/cap,7.51,E,
16,'050,Bangladesh,3102,Nutrient nitrogen N (total),5172,Use per capita,2007,2007,kg/cap,7.09,E,
16,'050,Bangladesh,3102,Nutrient nitrogen N (total),5172,Use per capita,2008,2008,kg/cap,8.61,E,
16,'050,Bangladesh,3102,Nutrient nitrogen N (total),5172,Use per capita,2009,2009,kg/cap,7.66,E,
16,'050,Bangladesh,3102,Nutrient nitrogen N (total),5172,Use per capita,2010,2010,kg/cap,7.67,E,
16,'050,Bangladesh,3102,Nutrient nitrogen N (total),5172,Use per capita,2011,2011,kg/cap,8.3,E,
16,'050,Bangladesh,3102,Nutrient nitrogen N (total),5172,Use per capita,2012,2012,kg/cap,7.29,E,
16,'050,Bangladesh,3102,Nutrient nitrogen N (total),5172,Use per capita,2013,2013,kg/cap,7.1,E,
16,'050,Bangladesh,3102,Nutrient nitrogen N (total),5172,Use per capita,2014,2014,kg/cap,7.79,E,
16,'050,Bangladesh,3102,Nutrient nitrogen N (total),5172,Use per capita,2015,2015,kg/cap,8.29,E,
16,'050,Bangladesh,3102,Nutrient nitrogen N (total),5172,Use per capita,2016,2016,kg/cap,7.29,E,
16,'050,Bangladesh,3102,Nutrient nitrogen N (total),5172,Use per capita,2017,2017,kg/cap,7.65,E,
16,'050,Bangladesh,3102,Nutrient nitrogen N (total),5172,Use per capita,2018,2018,kg/cap,8.14,E,
16,'050,Bangladesh,3102,Nutrient nitrogen N (total),5172,Use per capita,2019,2019,kg/cap,8.05,E,
16,'050,Bangladesh,3102,Nutrient nitrogen N (total),5172,Use per capita,2020,2020,kg/cap,8.19,E,
16,'050,Bangladesh,3102,Nutrient nitrogen N (total),5172,Use per capita,2021,2021,kg/cap,9.12,E,
16,'050,Bangladesh,3102,Nutrient nitrogen N (total),5172,Use per capita,2022,2022,kg/cap,8.91,E,
16,'050,Bangladesh,3102,Nutrient nitrogen N (total),5172,Use per capita,2023,2023,kg/cap,8.74,E,
16,'050,Bangladesh,3102,Nutrient nitrogen N (total),5172,Use per capita,2024,2024,kg/cap,8.71,E,
16,'050,Bangladesh,3102,Nutrient nitrogen N (total),5173,Use per value of agricultural production,1961,1961,g/Int$,2.11,E,
16,'050,Bangladesh,3102,Nutrient nitrogen N (total),5173,Use per value of agricultural production,1962,1962,g/Int$,2.65,E,
16,'050,Bangladesh,3102,Nutrient nitrogen N (total),5173,Use per value of agricultural production,1963,1963,g/Int$,3.55,E,
16,'050,Bangladesh,3102,Nutrient nitrogen N (total),5173,Use per value of agricultural production,1964,1964,g/Int$,3.35,E,
16,'050,Bangladesh,3102,Nutrient nitrogen N (total),5173,Use per value of agricultural production,1965,1965,g/Int$,4.13,E,
16,'050,Bangladesh,3102,Nutrient nitrogen N (total),5173,Use per value of agricultural production,1966,1966,g/Int$,5.65,E,
16,'050,Bangladesh,3102,Nutrient nitrogen N (total),5173,Use per value of agricultural production,1967,1967,g/Int$,6.33,E,
16,'050,Bangladesh,3102,Nutrient nitrogen N (total),5173,Use per value of agricultural production,1968,1968,g/Int$,6.71,E,
16,'050,Bangladesh,3102,Nutrient nitrogen N (total),5173,Use per value of agricultural production,1969,1969,g/Int$,7.57,E,
16,'050,Bangladesh,3102,Nutrient nitrogen N (total),5173,Use per value of agricultural production,1970,1970,g/Int$,8.59,E,
16,'050,Bangladesh,3102,Nutrient nitrogen N (total),5173,Use per value of agricultural production,1971,1971,g/Int$,7.5,E,
16,'050,Bangladesh,3102,Nutrient nitrogen N (total),5173,Use per value of agricultural production,1972,1972,g/Int$,12.38,E,
16,'050,Bangladesh,3102,Nutrient nitrogen N (total),5173,Use per value of agricultural production,1973,1973,g/Int$,11.12,E,
16,'050,Bangladesh,3102,Nutrient nitrogen N (total),5173,Use per value of agricultural production,1974,1974,g/Int$,7.57,E,
16,'050,Bangladesh,3102,Nutrient nitrogen N (total),5173,Use per value of agricultural production,1975,1975,g/Int$,12.19,E,
16,'050,Bangladesh,3102,Nutrient nitrogen N (total),5173,Use per value of agricultural production,1976,1976,g/Int$,14.45,E,
16,'050,Bangladesh,3102,Nutrient nitrogen N (total),5173,Use per value of agricultural production,1977,1977,g/Int$,18.12,E,
16,'050,Bangladesh,3102,Nutrient nitrogen N (total),5173,Use per value of agricultural production,1978,1978,g/Int$,17.65,E,
16,'050,Bangladesh,3102,Nutrient nitrogen N (total),5173,Use per value of agricultural production,1979,1979,g/Int$,20.38,E,
16,'050,Bangladesh,3102,Nutrient nitrogen N (total),5173,Use per value of agricultural production,1980,1980,g/Int$,20.82,E,
16,'050,Bangladesh,3102,Nutrient nitrogen N (total),5173,Use per value of agricultural production,1981,1981,g/Int$,19.67,E,
16,'050,Bangladesh,3102,Nutrient nitrogen N (total),5173,Use per value of agricultural production,1982,1982,g/Int$,22.97,E,
16,'050,Bangladesh,3102,Nutrient nitrogen N (total),5173,Use per value of agricultural production,1983,1983,g/Int$,25.35,E,
16,'050,Bangladesh,3102,Nutrient nitrogen N (total),5173,Use per value of agricultural production,1984,1984,g/Int$,28.09,E,
16,'050,Bangladesh,3102,Nutrient nitrogen N (total),5173,Use per value of agricultural production,1985,1985,g/Int$,25.56,E,
16,'050,Bangladesh,3102,Nutrient nitrogen N (total),5173,Use per value of agricultural production,1986,1986,g/Int$,28.99,E,
16,'050,Bangladesh,3102,Nutrient nitrogen N (total),5173,Use per value of agricultural production,1987,1987,g/Int$,32.86,E,
16,'050,Bangladesh,3102,Nutrient nitrogen N (total),5173,Use per value of agricultural production,1988,1988,g/Int$,36.39,E,
16,'050,Bangladesh,3102,Nutrient nitrogen N (total),5173,Use per value of agricultural production,1989,1989,g/Int$,39.8,E,
16,'050,Bangladesh,3102,Nutrient nitrogen N (total),5173,Use per value of agricultural production,1990,1990,g/Int$,38.11,E,
16,'050,Bangladesh,3102,Nutrient nitrogen N (total),5173,Use per value of agricultural production,1991,1991,g/Int$,43.83,E,
16,'050,Bangladesh,3102,Nutrient nitrogen N (total),5173,Use per value of agricultural production,1992,1992,g/Int$,42.78,E,
16,'050,Bangladesh,3102,Nutrient nitrogen N (total),5173,Use per value of agricultural production,1993,1993,g/Int$,44.79,E,
16,'050,Bangladesh,3102,Nutrient nitrogen N (total),5173,Use per value of agricultural production,1994,1994,g/Int$,49.64,E,
16,'050,Bangladesh,3102,Nutrient nitrogen N (total),5173,Use per value of agricultural production,1995,1995,g/Int$,58.2,E,
16,'050,Bangladesh,3102,Nutrient nitrogen N (total),5173,Use per value of agricultural production,1996,1996,g/Int$,57.07,E,
16,'050,Bangladesh,3102,Nutrient nitrogen N (total),5173,Use per value of agricultural production,1997,1997,g/Int$,49.81,E,
16,'050,Bangladesh,3102,Nutrient nitrogen N (total),5173,Use per value of agricultural production,1998,1998,g/Int$,51.4,E,
16,'050,Bangladesh,3102,Nutrient nitrogen N (total),5173,Use per value of agricultural production,1999,1999,g/Int$,49.08,E,
16,'050,Bangladesh,3102,Nutrient nitrogen N (total),5173,Use per value of agricultural production,2000,2000,g/Int$,45.95,E,
16,'050,Bangladesh,3102,Nutrient nitrogen N (total),5173,Use per value of agricultural production,2001,2001,g/Int$,47.94,E,
16,'050,Bangladesh,3102,Nutrient nitrogen N (total),5173,Use per value of agricultural production,2002,2002,g/Int$,48.53,E,
16,'050,Bangladesh,3102,Nutrient nitrogen N (total),5173,Use per value of agricultural production,2003,2003,g/Int$,41.38,E,
16,'050,Bangladesh,3102,Nutrient nitrogen N (total),5173,Use per value of agricultural production,2004,2004,g/Int$,42.32,E,
16,'050,Bangladesh,3102,Nutrient nitrogen N (total),5173,Use per value of agricultural production,2005,2005,g/Int$,39.41,E,
16,'050,Bangladesh,3102,Nutrient nitrogen N (total),5173,Use per value of agricultural production,2006,2006,g/Int$,42.95,E,
16,'050,Bangladesh,3102,Nutrient nitrogen N (total),5173,Use per value of agricultural production,2007,2007,g/Int$,40.3,E,
16,'050,Bangladesh,3102,Nutrient nitrogen N (total),5173,Use per value of agricultural production,2008,2008,g/Int$,43.44,E,
16,'050,Bangladesh,3102,Nutrient nitrogen N (total),5173,Use per value of agricultural production,2009,2009,g/Int$,39.39,E,
16,'050,Bangladesh,3102,Nutrient nitrogen N (total),5173,Use per value of agricultural production,2010,2010,g/Int$,37.51,E,
16,'050,Bangladesh,3102,Nutrient nitrogen N (total),5173,Use per value of agricultural production,2011,2011,g/Int$,38.68,E,
16,'050,Bangladesh,3102,Nutrient nitrogen N (total),5173,Use per value of agricultural production,2012,2012,g/Int$,33.61,E,
16,'050,Bangladesh,3102,Nutrient nitrogen N (total),5173,Use per value of agricultural production,2013,2013,g/Int$,31.91,E,
16,'050,Bangladesh,3102,Nutrient nitrogen N (total),5173,Use per value of agricultural production,2014,2014,g/Int$,33.87,E,
16,'050,Bangladesh,3102,Nutrient nitrogen N (total),5173,Use per value of agricultural production,2015,2015,g/Int$,35.12,E,
16,'050,Bangladesh,3102,Nutrient nitrogen N (total),5173,Use per value of agricultural production,2016,2016,g/Int$,30.58,E,
16,'050,Bangladesh,3102,Nutrient nitrogen N (total),5173,Use per value of agricultural production,2017,2017,g/Int$,30.64,E,
16,'050,Bangladesh,3102,Nutrient nitrogen N (total),5173,Use per value of agricultural production,2018,2018,g/Int$,32.15,E,
16,'050,Bangladesh,3102,Nutrient nitrogen N (total),5173,Use per value of agricultural production,2019,2019,g/Int$,31.33,E,
16,'050,Bangladesh,3102,Nutrient nitrogen N (total),5173,Use per value of agricultural production,2020,2020,g/Int$,31.09,E,
16,'050,Bangladesh,3102,Nutrient nitrogen N (total),5173,Use per value of agricultural production,2021,2021,g/Int$,33.14,E,
16,'050,Bangladesh,3102,Nutrient nitrogen N (total),5173,Use per value of agricultural production,2022,2022,g/Int$,31.74,E,
16,'050,Bangladesh,3102,Nutrient nitrogen N (total),5173,Use per value of agricultural production,2023,2023,g/Int$,30.38,E,
16,'050,Bangladesh,3102,Nutrient nitrogen N (total),5173,Use per value of agricultural production,2024,2024,g/Int$,29.82,E,
16,'050,Bangladesh,3103,Nutrient phosphate P2O5 (total),5510,Production,1974,1974,t,13812.0,A,Official data from questionnaire
16,'050,Bangladesh,3103,Nutrient phosphate P2O5 (total),5510,Production,1975,1975,t,22453.0,A,Official data from questionnaire
16,'050,Bangladesh,3103,Nutrient phosphate P2O5 (total),5510,Production,1976,1976,t,20152.0,A,Official data from questionnaire
16,'050,Bangladesh,3103,Nutrient phosphate P2O5 (total),5510,Production,1977,1977,t,17646.0,A,Official data from questionnaire
16,'050,Bangladesh,3103,Nutrient phosphate P2O5 (total),5510,Production,1978,1978,t,28652.0,A,Official data from questionnaire
16,'050,Bangladesh,3103,Nutrient phosphate P2O5 (total),5510,Production,1979,1979,t,32710.0,A,Official data from questionnaire
16,'050,Bangladesh,3103,Nutrient phosphate P2O5 (total),5510,Production,1980,1980,t,32900.0,A,Official data from questionnaire
16,'050,Bangladesh,3103,Nutrient phosphate P2O5 (total),5510,Production,1981,1981,t,27000.0,A,Official data from questionnaire
16,'050,Bangladesh,3103,Nutrient phosphate P2O5 (total),5510,Production,1982,1982,t,31100.0,A,Official data from questionnaire
16,'050,Bangladesh,3103,Nutrient phosphate P2O5 (total),5510,Production,1983,1983,t,36500.0,A,Official data from questionnaire
16,'050,Bangladesh,3103,Nutrient phosphate P2O5 (total),5510,Production,1984,1984,t,24800.0,A,Official data from questionnaire
16,'050,Bangladesh,3103,Nutrient phosphate P2O5 (total),5510,Production,1985,1985,t,46349.0,A,Official data from questionnaire
16,'050,Bangladesh,3103,Nutrient phosphate P2O5 (total),5510,Production,1986,1986,t,57829.0,A,Official data from questionnaire
16,'050,Bangladesh,3103,Nutrient phosphate P2O5 (total),5510,Production,1987,1987,t,53789.0,A,Official data from questionnaire
16,'050,Bangladesh,3103,Nutrient phosphate P2O5 (total),5510,Production,1988,1988,t,65599.0,A,Official data from questionnaire
16,'050,Bangladesh,3103,Nutrient phosphate P2O5 (total),5510,Production,1989,1989,t,67287.0,A,Official data from questionnaire
16,'050,Bangladesh,3103,Nutrient phosphate P2O5 (total),5510,Production,1990,1990,t,50910.0,A,Official data from questionnaire
16,'050,Bangladesh,3103,Nutrient phosphate P2O5 (total),5510,Production,1991,1991,t,40500.0,X,Data sourced from another international organization
16,'050,Bangladesh,3103,Nutrient phosphate P2O5 (total),5510,Production,1992,1992,t,40069.0,A,Official data from questionnaire
16,'050,Bangladesh,3103,Nutrient phosphate P2O5 (total),5510,Production,1993,1993,t,49200.0,X,Data sourced from another international organization
16,'050,Bangladesh,3103,Nutrient phosphate P2O5 (total),5510,Production,1994,1994,t,50180.0,A,Official data from questionnaire
16,'050,Bangladesh,3103,Nutrient phosphate P2O5 (total),5510,Production,1995,1995,t,60000.0,X,Data sourced from another international organization
16,'050,Bangladesh,3103,Nutrient phosphate P2O5 (total),5510,Production,1996,1996,t,49424.0,A,Official data from questionnaire
16,'050,Bangladesh,3103,Nutrient phosphate P2O5 (total),5510,Production,1997,1997,t,38948.0,A,Official data from questionnaire
16,'050,Bangladesh,3103,Nutrient phosphate P2O5 (total),5510,Production,1998,1998,t,41100.0,X,Data sourced from another international organization
16,'050,Bangladesh,3103,Nutrient phosphate P2O5 (total),5510,Production,1999,1999,t,52800.0,A,Official data from questionnaire
16,'050,Bangladesh,3103,Nutrient phosphate P2O5 (total),5510,Production,2000,2000,t,50480.0,A,Official data from questionnaire
16,'050,Bangladesh,3103,Nutrient phosphate P2O5 (total),5510,Production,2001,2001,t,54840.0,A,Official data from questionnaire
16,'050,Bangladesh,3103,Nutrient phosphate P2O5 (total),5510,Production,2002,2002,t,49500.0,I,Data sourced from IFA
16,'050,Bangladesh,3103,Nutrient phosphate P2O5 (total),5510,Production,2003,2003,t,58866.0,A,Official data collected from national publication
16,'050,Bangladesh,3103,Nutrient phosphate P2O5 (total),5510,Production,2004,2004,t,64750.0,A,Official data collected from national publication
16,'050,Bangladesh,3103,Nutrient phosphate P2O5 (total),5510,Production,2005,2005,t,69022.0,A,Official data collected from national publication
16,'050,Bangladesh,3103,Nutrient phosphate P2O5 (total),5510,Production,2006,2006,t,69015.0,A,Official data collected from national publication
16,'050,Bangladesh,3103,Nutrient phosphate P2O5 (total),5510,Production,2007,2007,t,65150.0,A,Official data collected from national publication
16,'050,Bangladesh,3103,Nutrient phosphate P2O5 (total),5510,Production,2008,2008,t,58420.0,A,Official data collected from national publication
16,'050,Bangladesh,3103,Nutrient phosphate P2O5 (total),5510,Production,2009,2009,t,24380.0,A,Official data collected from national publication
16,'050,Bangladesh,3103,Nutrient phosphate P2O5 (total),5510,Production,2010,2010,t,50140.0,A,Official data collected from national publication
16,'050,Bangladesh,3103,Nutrient phosphate P2O5 (total),5510,Production,2011,2011,t,47380.0,A,Official data collected from national publication
16,'050,Bangladesh,3103,Nutrient phosphate P2O5 (total),5510,Production,2012,2012,t,51980.0,A,Official data collected from national publication
16,'050,Bangladesh,3103,Nutrient phosphate P2O5 (total),5510,Production,2013,2013,t,31280.0,A,Official data from questionnaire
16,'050,Bangladesh,3103,Nutrient phosphate P2O5 (total),5510,Production,2014,2014,t,61640.0,A,Official data from questionnaire
16,'050,Bangladesh,3103,Nutrient phosphate P2O5 (total),5510,Production,2015,2015,t,69460.0,A,Official data from questionnaire
16,'050,Bangladesh,3103,Nutrient phosphate P2O5 (total),5510,Production,2016,2016,t,90620.0,A,Official data from questionnaire
16,'050,Bangladesh,3103,Nutrient phosphate P2O5 (total),5510,Production,2017,2017,t,76360.0,A,Official data from questionnaire
16,'050,Bangladesh,3103,Nutrient phosphate P2O5 (total),5510,Production,2018,2018,t,70840.0,A,Official data from questionnaire
16,'050,Bangladesh,3103,Nutrient phosphate P2O5 (total),5510,Production,2019,2019,t,82800.0,A,Official data from questionnaire
16,'050,Bangladesh,3103,Nutrient phosphate P2O5 (total),5510,Production,2020,2020,t,82800.0,I,
16,'050,Bangladesh,3103,Nutrient phosphate P2O5 (total),5510,Production,2021,2021,t,82800.0,I,
16,'050,Bangladesh,3103,Nutrient phosphate P2O5 (total),5510,Production,2022,2022,t,82800.0,I,
16,'050,Bangladesh,3103,Nutrient phosphate P2O5 (total),5510,Production,2023,2023,t,82800.0,I,
16,'050,Bangladesh,3103,Nutrient phosphate P2O5 (total),5510,Production,2024,2024,t,82800.0,I,
16,'050,Bangladesh,3103,Nutrient phosphate P2O5 (total),5610,Import quantity,1961,1961,t,2000.0,A,Official data from questionnaire
16,'050,Bangladesh,3103,Nutrient phosphate P2O5 (total),5610,Import quantity,1962,1962,t,2000.0,A,Official data from questionnaire
16,'050,Bangladesh,3103,Nutrient phosphate P2O5 (total),5610,Import quantity,1963,1963,t,11000.0,A,Official data from questionnaire
16,'050,Bangladesh,3103,Nutrient phosphate P2O5 (total),5610,Import quantity,1964,1964,t,9000.0,A,Official data from questionnaire
16,'050,Bangladesh,3103,Nutrient phosphate P2O5 (total),5610,Import quantity,1965,1965,t,9300.0,A,Official data from questionnaire
16,'050,Bangladesh,3103,Nutrient phosphate P2O5 (total),5610,Import quantity,1966,1966,t,15400.0,A,Official data from questionnaire
16,'050,Bangladesh,3103,Nutrient phosphate P2O5 (total),5610,Import quantity,1967,1967,t,20200.0,A,Official data from questionnaire
16,'050,Bangladesh,3103,Nutrient phosphate P2O5 (total),5610,Import quantity,1968,1968,t,24400.0,A,Official data from questionnaire
16,'050,Bangladesh,3103,Nutrient phosphate P2O5 (total),5610,Import quantity,1969,1969,t,30200.0,A,Official data from questionnaire
16,'050,Bangladesh,3103,Nutrient phosphate P2O5 (total),5610,Import quantity,1970,1970,t,34800.0,A,Official data from questionnaire
16,'050,Bangladesh,3103,Nutrient phosphate P2O5 (total),5610,Import quantity,1971,1971,t,27700.0,A,Official data from questionnaire
16,'050,Bangladesh,3103,Nutrient phosphate P2O5 (total),5610,Import quantity,1972,1972,t,54333.0,A,Official data from questionnaire
16,'050,Bangladesh,3103,Nutrient phosphate P2O5 (total),5610,Import quantity,1973,1973,t,44658.0,A,Official data from questionnaire
16,'050,Bangladesh,3103,Nutrient phosphate P2O5 (total),5610,Import quantity,1974,1974,t,21800.0,X,Data sourced from another international organization
16,'050,Bangladesh,3103,Nutrient phosphate P2O5 (total),5610,Import quantity,1975,1975,t,102453.0,A,Official data from questionnaire
16,'050,Bangladesh,3103,Nutrient phosphate P2O5 (total),5610,Import quantity,1976,1976,t,9559.0,A,Official data from questionnaire
16,'050,Bangladesh,3103,Nutrient phosphate P2O5 (total),5610,Import quantity,1977,1977,t,52712.0,A,Official data from questionnaire
16,'050,Bangladesh,3103,Nutrient phosphate P2O5 (total),5610,Import quantity,1978,1978,t,89053.0,A,Official data from questionnaire
16,'050,Bangladesh,3103,Nutrient phosphate P2O5 (total),5610,Import quantity,1979,1979,t,101480.0,A,Official data from questionnaire
16,'050,Bangladesh,3103,Nutrient phosphate P2O5 (total),5610,Import quantity,1980,1980,t,108600.0,A,Official data from questionnaire
16,'050,Bangladesh,3103,Nutrient phosphate P2O5 (total),5610,Import quantity,1981,1981,t,85000.0,A,Official data from questionnaire
16,'050,Bangladesh,3103,Nutrient phosphate P2O5 (total),5610,Import quantity,1982,1982,t,93800.0,A,Official data from questionnaire
16,'050,Bangladesh,3103,Nutrient phosphate P2O5 (total),5610,Import quantity,1983,1983,t,90900.0,A,Official data from questionnaire
16,'050,Bangladesh,3103,Nutrient phosphate P2O5 (total),5610,Import quantity,1984,1984,t,183600.0,A,Official data from questionnaire
16,'050,Bangladesh,3103,Nutrient phosphate P2O5 (total),5610,Import quantity,1985,1985,t,164000.0,A,Official data from questionnaire
16,'050,Bangladesh,3103,Nutrient phosphate P2O5 (total),5610,Import quantity,1986,1986,t,43000.0,A,Official data from questionnaire
16,'050,Bangladesh,3103,Nutrient phosphate P2O5 (total),5610,Import quantity,1987,1987,t,85900.0,X,Data sourced from another international organization
16,'050,Bangladesh,3103,Nutrient phosphate P2O5 (total),5610,Import quantity,1988,1988,t,174210.0,A,Official data from questionnaire
16,'050,Bangladesh,3103,Nutrient phosphate P2O5 (total),5610,Import quantity,1989,1989,t,106702.0,A,Official data from questionnaire
16,'050,Bangladesh,3103,Nutrient phosphate P2O5 (total),5610,Import quantity,1990,1990,t,143624.0,A,Official data from questionnaire
16,'050,Bangladesh,3103,Nutrient phosphate P2O5 (total),5610,Import quantity,1991,1991,t,216200.0,X,Data sourced from another international organization
16,'050,Bangladesh,3103,Nutrient phosphate P2O5 (total),5610,Import quantity,1992,1992,t,147941.0,A,Official data from questionnaire
16,'050,Bangladesh,3103,Nutrient phosphate P2O5 (total),5610,Import quantity,1993,1993,t,71300.0,A,Official data from questionnaire
16,'050,Bangladesh,3103,Nutrient phosphate P2O5 (total),5610,Import quantity,1994,1994,t,114476.0,X,Data sourced from another international organization
16,'050,Bangladesh,3103,Nutrient phosphate P2O5 (total),5610,Import quantity,1995,1995,t,98440.0,X,Data sourced from another international organization
16,'050,Bangladesh,3103,Nutrient phosphate P2O5 (total),5610,Import quantity,1996,1996,t,68480.0,A,Official data from questionnaire
16,'050,Bangladesh,3103,Nutrient phosphate P2O5 (total),5610,Import quantity,1997,1997,t,113000.0,X,Data sourced from another international organization
16,'050,Bangladesh,3103,Nutrient phosphate P2O5 (total),5610,Import quantity,1998,1998,t,125200.0,X,Data sourced from another international organization
16,'050,Bangladesh,3103,Nutrient phosphate P2O5 (total),5610,Import quantity,1999,1999,t,159900.0,A,Official data from questionnaire
16,'050,Bangladesh,3103,Nutrient phosphate P2O5 (total),5610,Import quantity,2000,2000,t,227940.0,A,Official data from questionnaire
16,'050,Bangladesh,3103,Nutrient phosphate P2O5 (total),5610,Import quantity,2001,2001,t,198340.0,A,Official data from questionnaire
16,'050,Bangladesh,3103,Nutrient phosphate P2O5 (total),5610,Import quantity,2002,2002,t,286001.0,E,
16,'050,Bangladesh,3103,Nutrient phosphate P2O5 (total),5610,Import quantity,2003,2003,t,208863.0,E,
16,'050,Bangladesh,3103,Nutrient phosphate P2O5 (total),5610,Import quantity,2004,2004,t,290104.0,E,
16,'050,Bangladesh,3103,Nutrient phosphate P2O5 (total),5610,Import quantity,2005,2005,t,611225.0,E,
16,'050,Bangladesh,3103,Nutrient phosphate P2O5 (total),5610,Import quantity,2006,2006,t,236935.0,E,
16,'050,Bangladesh,3103,Nutrient phosphate P2O5 (total),5610,Import quantity,2007,2007,t,113422.0,E,
16,'050,Bangladesh,3103,Nutrient phosphate P2O5 (total),5610,Import quantity,2008,2008,t,252555.0,E,
16,'050,Bangladesh,3103,Nutrient phosphate P2O5 (total),5610,Import quantity,2009,2009,t,292939.0,E,
16,'050,Bangladesh,3103,Nutrient phosphate P2O5 (total),5610,Import quantity,2010,2010,t,305828.0,E,
16,'050,Bangladesh,3103,Nutrient phosphate P2O5 (total),5610,Import quantity,2011,2011,t,582539.0,E,
16,'050,Bangladesh,3103,Nutrient phosphate P2O5 (total),5610,Import quantity,2012,2012,t,306921.0,E,
16,'050,Bangladesh,3103,Nutrient phosphate P2O5 (total),5610,Import quantity,2013,2013,t,386277.0,E,
16,'050,Bangladesh,3103,Nutrient phosphate P2O5 (total),5610,Import quantity,2014,2014,t,507155.0,E,
16,'050,Bangladesh,3103,Nutrient phosphate P2O5 (total),5610,Import quantity,2015,2015,t,571383.0,E,
16,'050,Bangladesh,3103,Nutrient phosphate P2O5 (total),5610,Import quantity,2016,2016,t,503529.0,E,
16,'050,Bangladesh,3103,Nutrient phosphate P2O5 (total),5610,Import quantity,2017,2017,t,319923.0,E,
16,'050,Bangladesh,3103,Nutrient phosphate P2O5 (total),5610,Import quantity,2018,2018,t,508685.0,E,
16,'050,Bangladesh,3103,Nutrient phosphate P2O5 (total),5610,Import quantity,2019,2019,t,480183.0,E,
16,'050,Bangladesh,3103,Nutrient phosphate P2O5 (total),5610,Import quantity,2020,2020,t,479714.0,E,
16,'050,Bangladesh,3103,Nutrient phosphate P2O5 (total),5610,Import quantity,2021,2021,t,961071.0,E,
16,'050,Bangladesh,3103,Nutrient phosphate P2O5 (total),5610,Import quantity,2022,2022,t,1121807.0,E,
16,'050,Bangladesh,3103,Nutrient phosphate P2O5 (total),5610,Import quantity,2023,2023,t,675991.0,E,
16,'050,Bangladesh,3103,Nutrient phosphate P2O5 (total),5610,Import quantity,2024,2024,t,1500603.0,E,
16,'050,Bangladesh,3103,Nutrient phosphate P2O5 (total),5910,Export quantity,1983,1983,t,2300.0,X,Data sourced from another international organization
16,'050,Bangladesh,3103,Nutrient phosphate P2O5 (total),5910,Export quantity,1986,1986,t,4600.0,A,Official data from questionnaire
16,'050,Bangladesh,3103,Nutrient phosphate P2O5 (total),5910,Export quantity,1987,1987,t,2760.0,A,Official data from questionnaire
16,'050,Bangladesh,3103,Nutrient phosphate P2O5 (total),5910,Export quantity,1990,1990,t,2300.0,X,Data sourced from another international organization
16,'050,Bangladesh,3103,Nutrient phosphate P2O5 (total),5910,Export quantity,1991,1991,t,0.0,E,
16,'050,Bangladesh,3103,Nutrient phosphate P2O5 (total),5910,Export quantity,1992,1992,t,0.0,E,
16,'050,Bangladesh,3103,Nutrient phosphate P2O5 (total),5910,Export quantity,1993,1993,t,0.0,E,
16,'050,Bangladesh,3103,Nutrient phosphate P2O5 (total),5910,Export quantity,1994,1994,t,0.0,E,
16,'050,Bangladesh,3103,Nutrient phosphate P2O5 (total),5910,Export quantity,1995,1995,t,10.0,E,
16,'050,Bangladesh,3103,Nutrient phosphate P2O5 (total),5910,Export quantity,1996,1996,t,8840.0,E,
16,'050,Bangladesh,3103,Nutrient phosphate P2O5 (total),5910,Export quantity,1997,1997,t,0.0,E,
16,'050,Bangladesh,3103,Nutrient phosphate P2O5 (total),5910,Export quantity,1998,1998,t,0.0,E,
16,'050,Bangladesh,3103,Nutrient phosphate P2O5 (total),5910,Export quantity,1999,1999,t,0.0,I,
16,'050,Bangladesh,3103,Nutrient phosphate P2O5 (total),5910,Export quantity,2000,2000,t,2400.0,E,
16,'050,Bangladesh,3103,Nutrient phosphate P2O5 (total),5910,Export quantity,2001,2001,t,2530.0,E,
16,'050,Bangladesh,3103,Nutrient phosphate P2O5 (total),5910,Export quantity,2002,2002,t,0.0,E,
16,'050,Bangladesh,3103,Nutrient phosphate P2O5 (total),5910,Export quantity,2003,2003,t,0.0,E,
16,'050,Bangladesh,3103,Nutrient phosphate P2O5 (total),5910,Export quantity,2004,2004,t,0.0,E,
16,'050,Bangladesh,3103,Nutrient phosphate P2O5 (total),5910,Export quantity,2005,2005,t,0.0,E,
16,'050,Bangladesh,3103,Nutrient phosphate P2O5 (total),5910,Export quantity,2006,2006,t,0.0,E,
16,'050,Bangladesh,3103,Nutrient phosphate P2O5 (total),5910,Export quantity,2007,2007,t,0.0,E,
16,'050,Bangladesh,3103,Nutrient phosphate P2O5 (total),5910,Export quantity,2008,2008,t,0.0,E,
16,'050,Bangladesh,3103,Nutrient phosphate P2O5 (total),5910,Export quantity,2009,2009,t,0.0,E,
16,'050,Bangladesh,3103,Nutrient phosphate P2O5 (total),5910,Export quantity,2010,2010,t,4561.0,E,
16,'050,Bangladesh,3103,Nutrient phosphate P2O5 (total),5910,Export quantity,2011,2011,t,264.0,E,
16,'050,Bangladesh,3103,Nutrient phosphate P2O5 (total),5910,Export quantity,2012,2012,t,0.0,E,
16,'050,Bangladesh,3103,Nutrient phosphate P2O5 (total),5910,Export quantity,2013,2013,t,0.0,E,
16,'050,Bangladesh,3103,Nutrient phosphate P2O5 (total),5910,Export quantity,2014,2014,t,0.0,E,
16,'050,Bangladesh,3103,Nutrient phosphate P2O5 (total),5910,Export quantity,2015,2015,t,0.0,E,
16,'050,Bangladesh,3103,Nutrient phosphate P2O5 (total),5910,Export quantity,2016,2016,t,26.0,E,
16,'050,Bangladesh,3103,Nutrient phosphate P2O5 (total),5910,Export quantity,2017,2017,t,0.0,E,
16,'050,Bangladesh,3103,Nutrient phosphate P2O5 (total),5910,Export quantity,2018,2018,t,0.0,E,
16,'050,Bangladesh,3103,Nutrient phosphate P2O5 (total),5910,Export quantity,2019,2019,t,0.0,E,
16,'050,Bangladesh,3103,Nutrient phosphate P2O5 (total),5910,Export quantity,2020,2020,t,0.0,E,
16,'050,Bangladesh,3103,Nutrient phosphate P2O5 (total),5910,Export quantity,2021,2021,t,0.0,E,
16,'050,Bangladesh,3103,Nutrient phosphate P2O5 (total),5910,Export quantity,2022,2022,t,0.0,E,
16,'050,Bangladesh,3103,Nutrient phosphate P2O5 (total),5910,Export quantity,2023,2023,t,0.0,E,
16,'050,Bangladesh,3103,Nutrient phosphate P2O5 (total),5910,Export quantity,2024,2024,t,0.0,E,
16,'050,Bangladesh,3103,Nutrient phosphate P2O5 (total),5157,Agricultural Use,1961,1961,t,2000.0,A,Official data from questionnaire
16,'050,Bangladesh,3103,Nutrient phosphate P2O5 (total),5157,Agricultural Use,1962,1962,t,2000.0,A,Official data from questionnaire
16,'050,Bangladesh,3103,Nutrient phosphate P2O5 (total),5157,Agricultural Use,1963,1963,t,11000.0,A,Official data from questionnaire
16,'050,Bangladesh,3103,Nutrient phosphate P2O5 (total),5157,Agricultural Use,1964,1964,t,9000.0,A,Official data from questionnaire
16,'050,Bangladesh,3103,Nutrient phosphate P2O5 (total),5157,Agricultural Use,1965,1965,t,9300.0,A,Official data from questionnaire
16,'050,Bangladesh,3103,Nutrient phosphate P2O5 (total),5157,Agricultural Use,1966,1966,t,15400.0,A,Official data from questionnaire
16,'050,Bangladesh,3103,Nutrient phosphate P2O5 (total),5157,Agricultural Use,1967,1967,t,20200.0,A,Official data from questionnaire
16,'050,Bangladesh,3103,Nutrient phosphate P2O5 (total),5157,Agricultural Use,1968,1968,t,24400.0,A,Official data from questionnaire
16,'050,Bangladesh,3103,Nutrient phosphate P2O5 (total),5157,Agricultural Use,1969,1969,t,30200.0,A,Official data from questionnaire
16,'050,Bangladesh,3103,Nutrient phosphate P2O5 (total),5157,Agricultural Use,1970,1970,t,34800.0,A,Official data from questionnaire
16,'050,Bangladesh,3103,Nutrient phosphate P2O5 (total),5157,Agricultural Use,1971,1971,t,27700.0,A,Official data from questionnaire
16,'050,Bangladesh,3103,Nutrient phosphate P2O5 (total),5157,Agricultural Use,1972,1972,t,41555.0,A,Official data from questionnaire
16,'050,Bangladesh,3103,Nutrient phosphate P2O5 (total),5157,Agricultural Use,1973,1973,t,43848.0,A,Official data from questionnaire
16,'050,Bangladesh,3103,Nutrient phosphate P2O5 (total),5157,Agricultural Use,1974,1974,t,35555.0,A,Official data from questionnaire
16,'050,Bangladesh,3103,Nutrient phosphate P2O5 (total),5157,Agricultural Use,1975,1975,t,54268.0,A,Official data from questionnaire
16,'050,Bangladesh,3103,Nutrient phosphate P2O5 (total),5157,Agricultural Use,1976,1976,t,61128.0,A,Official data from questionnaire
16,'050,Bangladesh,3103,Nutrient phosphate P2O5 (total),5157,Agricultural Use,1977,1977,t,90638.0,A,Official data from questionnaire
16,'050,Bangladesh,3103,Nutrient phosphate P2O5 (total),5157,Agricultural Use,1978,1978,t,100982.0,A,Official data from questionnaire
16,'050,Bangladesh,3103,Nutrient phosphate P2O5 (total),5157,Agricultural Use,1979,1979,t,117800.0,A,Official data from questionnaire
16,'050,Bangladesh,3103,Nutrient phosphate P2O5 (total),5157,Agricultural Use,1980,1980,t,120080.0,A,Official data from questionnaire
16,'050,Bangladesh,3103,Nutrient phosphate P2O5 (total),5157,Agricultural Use,1981,1981,t,120200.0,A,Official data from questionnaire
16,'050,Bangladesh,3103,Nutrient phosphate P2O5 (total),5157,Agricultural Use,1982,1982,t,126400.0,A,Official data from questionnaire
16,'050,Bangladesh,3103,Nutrient phosphate P2O5 (total),5157,Agricultural Use,1983,1983,t,160700.0,A,Official data from questionnaire
16,'050,Bangladesh,3103,Nutrient phosphate P2O5 (total),5157,Agricultural Use,1984,1984,t,155700.0,A,Official data from questionnaire
16,'050,Bangladesh,3103,Nutrient phosphate P2O5 (total),5157,Agricultural Use,1985,1985,t,136886.0,A,Official data from questionnaire
16,'050,Bangladesh,3103,Nutrient phosphate P2O5 (total),5157,Agricultural Use,1986,1986,t,154000.0,A,Official data from questionnaire
16,'050,Bangladesh,3103,Nutrient phosphate P2O5 (total),5157,Agricultural Use,1987,1987,t,179490.0,A,Official data from questionnaire
16,'050,Bangladesh,3103,Nutrient phosphate P2O5 (total),5157,Agricultural Use,1988,1988,t,191357.0,A,Official data from questionnaire
16,'050,Bangladesh,3103,Nutrient phosphate P2O5 (total),5157,Agricultural Use,1989,1989,t,221108.0,A,Official data from questionnaire
16,'050,Bangladesh,3103,Nutrient phosphate P2O5 (total),5157,Agricultural Use,1990,1990,t,236304.0,A,Official data from questionnaire
16,'050,Bangladesh,3103,Nutrient phosphate P2O5 (total),5157,Agricultural Use,1991,1991,t,216600.0,A,Official data from questionnaire
16,'050,Bangladesh,3103,Nutrient phosphate P2O5 (total),5157,Agricultural Use,1992,1992,t,212018.0,A,Official data from questionnaire
16,'050,Bangladesh,3103,Nutrient phosphate P2O5 (total),5157,Agricultural Use,1993,1993,t,149721.0,A,Official data from questionnaire
16,'050,Bangladesh,3103,Nutrient phosphate P2O5 (total),5157,Agricultural Use,1994,1994,t,153420.0,X,Data sourced from another international organization
16,'050,Bangladesh,3103,Nutrient phosphate P2O5 (total),5157,Agricultural Use,1995,1995,t,158000.0,X,Data sourced from another international organization
16,'050,Bangladesh,3103,Nutrient phosphate P2O5 (total),5157,Agricultural Use,1996,1996,t,117455.0,A,Official data from questionnaire
16,'050,Bangladesh,3103,Nutrient phosphate P2O5 (total),5157,Agricultural Use,1997,1997,t,116800.0,A,Official data from questionnaire
16,'050,Bangladesh,3103,Nutrient phosphate P2O5 (total),5157,Agricultural Use,1998,1998,t,161400.0,X,Data sourced from another international organization
16,'050,Bangladesh,3103,Nutrient phosphate P2O5 (total),5157,Agricultural Use,1999,1999,t,207400.0,A,Official data from questionnaire
16,'050,Bangladesh,3103,Nutrient phosphate P2O5 (total),5157,Agricultural Use,2000,2000,t,250346.0,A,Official data from questionnaire
16,'050,Bangladesh,3103,Nutrient phosphate P2O5 (total),5157,Agricultural Use,2001,2001,t,248991.0,A,Official data from questionnaire
16,'050,Bangladesh,3103,Nutrient phosphate P2O5 (total),5157,Agricultural Use,2002,2002,t,321758.0,A,Official data collected from national publication
16,'050,Bangladesh,3103,Nutrient phosphate P2O5 (total),5157,Agricultural Use,2003,2003,t,200266.0,I,
16,'050,Bangladesh,3103,Nutrient phosphate P2O5 (total),5157,Agricultural Use,2004,2004,t,272838.0,A,Official data collected from national publication
16,'050,Bangladesh,3103,Nutrient phosphate P2O5 (total),5157,Agricultural Use,2005,2005,t,326713.0,A,Official data collected from national publication
16,'050,Bangladesh,3103,Nutrient phosphate P2O5 (total),5157,Agricultural Use,2006,2006,t,298610.0,A,Official data collected from national publication
16,'050,Bangladesh,3103,Nutrient phosphate P2O5 (total),5157,Agricultural Use,2007,2007,t,256050.0,A,Official data collected from national publication
16,'050,Bangladesh,3103,Nutrient phosphate P2O5 (total),5157,Agricultural Use,2008,2008,t,109700.0,A,Official data collected from national publication
16,'050,Bangladesh,3103,Nutrient phosphate P2O5 (total),5157,Agricultural Use,2009,2009,t,170219.0,I,
16,'050,Bangladesh,3103,Nutrient phosphate P2O5 (total),5157,Agricultural Use,2010,2010,t,296086.0,I,
16,'050,Bangladesh,3103,Nutrient phosphate P2O5 (total),5157,Agricultural Use,2011,2011,t,399740.0,A,Official data collected from national publication
16,'050,Bangladesh,3103,Nutrient phosphate P2O5 (total),5157,Agricultural Use,2012,2012,t,500020.0,A,Official data from questionnaire
16,'050,Bangladesh,3103,Nutrient phosphate P2O5 (total),5157,Agricultural Use,2013,2013,t,500480.0,A,Official data from questionnaire
16,'050,Bangladesh,3103,Nutrient phosphate P2O5 (total),5157,Agricultural Use,2014,2014,t,564880.0,A,Official data from questionnaire
16,'050,Bangladesh,3103,Nutrient phosphate P2O5 (total),5157,Agricultural Use,2015,2015,t,606740.0,I,
16,'050,Bangladesh,3103,Nutrient phosphate P2O5 (total),5157,Agricultural Use,2016,2016,t,638480.0,A,Official data from questionnaire
16,'050,Bangladesh,3103,Nutrient phosphate P2O5 (total),5157,Agricultural Use,2017,2017,t,642160.0,A,Official data from questionnaire
16,'050,Bangladesh,3103,Nutrient phosphate P2O5 (total),5157,Agricultural Use,2018,2018,t,710240.0,I,
16,'050,Bangladesh,3103,Nutrient phosphate P2O5 (total),5157,Agricultural Use,2019,2019,t,760380.0,I,
16,'050,Bangladesh,3103,Nutrient phosphate P2O5 (total),5157,Agricultural Use,2020,2020,t,747040.0,I,
16,'050,Bangladesh,3103,Nutrient phosphate P2O5 (total),5157,Agricultural Use,2021,2021,t,1113660.0,I,
16,'050,Bangladesh,3103,Nutrient phosphate P2O5 (total),5157,Agricultural Use,2022,2022,t,1063060.0,I,
16,'050,Bangladesh,3103,Nutrient phosphate P2O5 (total),5157,Agricultural Use,2023,2023,t,1034983.0,I,
16,'050,Bangladesh,3103,Nutrient phosphate P2O5 (total),5157,Agricultural Use,2024,2024,t,1038680.0,E,
16,'050,Bangladesh,3103,Nutrient phosphate P2O5 (total),5159,Use per area of cropland,1961,1961,kg/ha,0.23,E,
16,'050,Bangladesh,3103,Nutrient phosphate P2O5 (total),5159,Use per area of cropland,1962,1962,kg/ha,0.23,E,
16,'050,Bangladesh,3103,Nutrient phosphate P2O5 (total),5159,Use per area of cropland,1963,1963,kg/ha,1.24,E,
16,'050,Bangladesh,3103,Nutrient phosphate P2O5 (total),5159,Use per area of cropland,1964,1964,kg/ha,1.01,E,
16,'050,Bangladesh,3103,Nutrient phosphate P2O5 (total),5159,Use per area of cropland,1965,1965,kg/ha,1.03,E,
16,'050,Bangladesh,3103,Nutrient phosphate P2O5 (total),5159,Use per area of cropland,1966,1966,kg/ha,1.7,E,
16,'050,Bangladesh,3103,Nutrient phosphate P2O5 (total),5159,Use per area of cropland,1967,1967,kg/ha,2.22,E,
16,'050,Bangladesh,3103,Nutrient phosphate P2O5 (total),5159,Use per area of cropland,1968,1968,kg/ha,2.69,E,
16,'050,Bangladesh,3103,Nutrient phosphate P2O5 (total),5159,Use per area of cropland,1969,1969,kg/ha,3.33,E,
16,'050,Bangladesh,3103,Nutrient phosphate P2O5 (total),5159,Use per area of cropland,1970,1970,kg/ha,3.83,E,
16,'050,Bangladesh,3103,Nutrient phosphate P2O5 (total),5159,Use per area of cropland,1971,1971,kg/ha,3.05,E,
16,'050,Bangladesh,3103,Nutrient phosphate P2O5 (total),5159,Use per area of cropland,1972,1972,kg/ha,4.42,E,
16,'050,Bangladesh,3103,Nutrient phosphate P2O5 (total),5159,Use per area of cropland,1973,1973,kg/ha,4.67,E,
16,'050,Bangladesh,3103,Nutrient phosphate P2O5 (total),5159,Use per area of cropland,1974,1974,kg/ha,3.79,E,
16,'050,Bangladesh,3103,Nutrient phosphate P2O5 (total),5159,Use per area of cropland,1975,1975,kg/ha,5.77,E,
16,'050,Bangladesh,3103,Nutrient phosphate P2O5 (total),5159,Use per area of cropland,1976,1976,kg/ha,6.5,E,
16,'050,Bangladesh,3103,Nutrient phosphate P2O5 (total),5159,Use per area of cropland,1977,1977,kg/ha,9.65,E,
16,'050,Bangladesh,3103,Nutrient phosphate P2O5 (total),5159,Use per area of cropland,1978,1978,kg/ha,10.76,E,
16,'050,Bangladesh,3103,Nutrient phosphate P2O5 (total),5159,Use per area of cropland,1979,1979,kg/ha,12.55,E,
16,'050,Bangladesh,3103,Nutrient phosphate P2O5 (total),5159,Use per area of cropland,1980,1980,kg/ha,12.79,E,
16,'050,Bangladesh,3103,Nutrient phosphate P2O5 (total),5159,Use per area of cropland,1981,1981,kg/ha,12.81,E,
16,'050,Bangladesh,3103,Nutrient phosphate P2O5 (total),5159,Use per area of cropland,1982,1982,kg/ha,13.48,E,
16,'050,Bangladesh,3103,Nutrient phosphate P2O5 (total),5159,Use per area of cropland,1983,1983,kg/ha,17.16,E,
16,'050,Bangladesh,3103,Nutrient phosphate P2O5 (total),5159,Use per area of cropland,1984,1984,kg/ha,16.46,E,
16,'050,Bangladesh,3103,Nutrient phosphate P2O5 (total),5159,Use per area of cropland,1985,1985,kg/ha,14.52,E,
16,'050,Bangladesh,3103,Nutrient phosphate P2O5 (total),5159,Use per area of cropland,1986,1986,kg/ha,16.31,E,
16,'050,Bangladesh,3103,Nutrient phosphate P2O5 (total),5159,Use per area of cropland,1987,1987,kg/ha,18.86,E,
16,'050,Bangladesh,3103,Nutrient phosphate P2O5 (total),5159,Use per area of cropland,1988,1988,kg/ha,19.47,E,
16,'050,Bangladesh,3103,Nutrient phosphate P2O5 (total),5159,Use per area of cropland,1989,1989,kg/ha,22.46,E,
16,'050,Bangladesh,3103,Nutrient phosphate P2O5 (total),5159,Use per area of cropland,1990,1990,kg/ha,24.15,E,
16,'050,Bangladesh,3103,Nutrient phosphate P2O5 (total),5159,Use per area of cropland,1991,1991,kg/ha,22.28,E,
16,'050,Bangladesh,3103,Nutrient phosphate P2O5 (total),5159,Use per area of cropland,1992,1992,kg/ha,23.69,E,
16,'050,Bangladesh,3103,Nutrient phosphate P2O5 (total),5159,Use per area of cropland,1993,1993,kg/ha,16.93,E,
16,'050,Bangladesh,3103,Nutrient phosphate P2O5 (total),5159,Use per area of cropland,1994,1994,kg/ha,17.52,E,
16,'050,Bangladesh,3103,Nutrient phosphate P2O5 (total),5159,Use per area of cropland,1995,1995,kg/ha,18.01,E,
16,'050,Bangladesh,3103,Nutrient phosphate P2O5 (total),5159,Use per area of cropland,1996,1996,kg/ha,13.46,E,
16,'050,Bangladesh,3103,Nutrient phosphate P2O5 (total),5159,Use per area of cropland,1997,1997,kg/ha,13.33,E,
16,'050,Bangladesh,3103,Nutrient phosphate P2O5 (total),5159,Use per area of cropland,1998,1998,kg/ha,18.27,E,
16,'050,Bangladesh,3103,Nutrient phosphate P2O5 (total),5159,Use per area of cropland,1999,1999,kg/ha,23.34,E,
16,'050,Bangladesh,3103,Nutrient phosphate P2O5 (total),5159,Use per area of cropland,2000,2000,kg/ha,28.45,E,
16,'050,Bangladesh,3103,Nutrient phosphate P2O5 (total),5159,Use per area of cropland,2001,2001,kg/ha,28.28,E,
16,'050,Bangladesh,3103,Nutrient phosphate P2O5 (total),5159,Use per area of cropland,2002,2002,kg/ha,36.76,E,
16,'050,Bangladesh,3103,Nutrient phosphate P2O5 (total),5159,Use per area of cropland,2003,2003,kg/ha,22.95,E,
16,'050,Bangladesh,3103,Nutrient phosphate P2O5 (total),5159,Use per area of cropland,2004,2004,kg/ha,31.28,E,
16,'050,Bangladesh,3103,Nutrient phosphate P2O5 (total),5159,Use per area of cropland,2005,2005,kg/ha,37.51,E,
16,'050,Bangladesh,3103,Nutrient phosphate P2O5 (total),5159,Use per area of cropland,2006,2006,kg/ha,34.4,E,
16,'050,Bangladesh,3103,Nutrient phosphate P2O5 (total),5159,Use per area of cropland,2007,2007,kg/ha,29.55,E,
16,'050,Bangladesh,3103,Nutrient phosphate P2O5 (total),5159,Use per area of cropland,2008,2008,kg/ha,12.68,E,
16,'050,Bangladesh,3103,Nutrient phosphate P2O5 (total),5159,Use per area of cropland,2009,2009,kg/ha,19.69,E,
16,'050,Bangladesh,3103,Nutrient phosphate P2O5 (total),5159,Use per area of cropland,2010,2010,kg/ha,34.27,E,
16,'050,Bangladesh,3103,Nutrient phosphate P2O5 (total),5159,Use per area of cropland,2011,2011,kg/ha,46.87,E,
16,'050,Bangladesh,3103,Nutrient phosphate P2O5 (total),5159,Use per area of cropland,2012,2012,kg/ha,58.69,E,
16,'050,Bangladesh,3103,Nutrient phosphate P2O5 (total),5159,Use per area of cropland,2013,2013,kg/ha,58.82,E,
16,'050,Bangladesh,3103,Nutrient phosphate P2O5 (total),5159,Use per area of cropland,2014,2014,kg/ha,66.46,E,
16,'050,Bangladesh,3103,Nutrient phosphate P2O5 (total),5159,Use per area of cropland,2015,2015,kg/ha,70.86,E,
16,'050,Bangladesh,3103,Nutrient phosphate P2O5 (total),5159,Use per area of cropland,2016,2016,kg/ha,74.29,E,
16,'050,Bangladesh,3103,Nutrient phosphate P2O5 (total),5159,Use per area of cropland,2017,2017,kg/ha,74.78,E,
16,'050,Bangladesh,3103,Nutrient phosphate P2O5 (total),5159,Use per area of cropland,2018,2018,kg/ha,82.56,E,
16,'050,Bangladesh,3103,Nutrient phosphate P2O5 (total),5159,Use per area of cropland,2019,2019,kg/ha,86.44,E,
16,'050,Bangladesh,3103,Nutrient phosphate P2O5 (total),5159,Use per area of cropland,2020,2020,kg/ha,84.6,E,
16,'050,Bangladesh,3103,Nutrient phosphate P2O5 (total),5159,Use per area of cropland,2021,2021,kg/ha,126.29,E,
16,'050,Bangladesh,3103,Nutrient phosphate P2O5 (total),5159,Use per area of cropland,2022,2022,kg/ha,120.43,E,
16,'050,Bangladesh,3103,Nutrient phosphate P2O5 (total),5159,Use per area of cropland,2023,2023,kg/ha,117.63,E,
16,'050,Bangladesh,3103,Nutrient phosphate P2O5 (total),5159,Use per area of cropland,2024,2024,kg/ha,118.05,E,
16,'050,Bangladesh,3103,Nutrient phosphate P2O5 (total),5172,Use per capita,1961,1961,kg/cap,0.04,E,
16,'050,Bangladesh,3103,Nutrient phosphate P2O5 (total),5172,Use per capita,1962,1962,kg/cap,0.04,E,
16,'050,Bangladesh,3103,Nutrient phosphate P2O5 (total),5172,Use per capita,1963,1963,kg/cap,0.19,E,
16,'050,Bangladesh,3103,Nutrient phosphate P2O5 (total),5172,Use per capita,1964,1964,kg/cap,0.15,E,
16,'050,Bangladesh,3103,Nutrient phosphate P2O5 (total),5172,Use per capita,1965,1965,kg/cap,0.16,E,
16,'050,Bangladesh,3103,Nutrient phosphate P2O5 (total),5172,Use per capita,1966,1966,kg/cap,0.25,E,
16,'050,Bangladesh,3103,Nutrient phosphate P2O5 (total),5172,Use per capita,1967,1967,kg/cap,0.32,E,
16,'050,Bangladesh,3103,Nutrient phosphate P2O5 (total),5172,Use per capita,1968,1968,kg/cap,0.37,E,
16,'050,Bangladesh,3103,Nutrient phosphate P2O5 (total),5172,Use per capita,1969,1969,kg/cap,0.45,E,
16,'050,Bangladesh,3103,Nutrient phosphate P2O5 (total),5172,Use per capita,1970,1970,kg/cap,0.5,E,
16,'050,Bangladesh,3103,Nutrient phosphate P2O5 (total),5172,Use per capita,1971,1971,kg/cap,0.39,E,
16,'050,Bangladesh,3103,Nutrient phosphate P2O5 (total),5172,Use per capita,1972,1972,kg/cap,0.58,E,
16,'050,Bangladesh,3103,Nutrient phosphate P2O5 (total),5172,Use per capita,1973,1973,kg/cap,0.59,E,
16,'050,Bangladesh,3103,Nutrient phosphate P2O5 (total),5172,Use per capita,1974,1974,kg/cap,0.47,E,
16,'050,Bangladesh,3103,Nutrient phosphate P2O5 (total),5172,Use per capita,1975,1975,kg/cap,0.7,E,
16,'050,Bangladesh,3103,Nutrient phosphate P2O5 (total),5172,Use per capita,1976,1976,kg/cap,0.77,E,
16,'050,Bangladesh,3103,Nutrient phosphate P2O5 (total),5172,Use per capita,1977,1977,kg/cap,1.11,E,
16,'050,Bangladesh,3103,Nutrient phosphate P2O5 (total),5172,Use per capita,1978,1978,kg/cap,1.2,E,
16,'050,Bangladesh,3103,Nutrient phosphate P2O5 (total),5172,Use per capita,1979,1979,kg/cap,1.37,E,
16,'050,Bangladesh,3103,Nutrient phosphate P2O5 (total),5172,Use per capita,1980,1980,kg/cap,1.36,E,
16,'050,Bangladesh,3103,Nutrient phosphate P2O5 (total),5172,Use per capita,1981,1981,kg/cap,1.33,E,
16,'050,Bangladesh,3103,Nutrient phosphate P2O5 (total),5172,Use per capita,1982,1982,kg/cap,1.36,E,
16,'050,Bangladesh,3103,Nutrient phosphate P2O5 (total),5172,Use per capita,1983,1983,kg/cap,1.69,E,
16,'050,Bangladesh,3103,Nutrient phosphate P2O5 (total),5172,Use per capita,1984,1984,kg/cap,1.59,E,
16,'050,Bangladesh,3103,Nutrient phosphate P2O5 (total),5172,Use per capita,1985,1985,kg/cap,1.37,E,
16,'050,Bangladesh,3103,Nutrient phosphate P2O5 (total),5172,Use per capita,1986,1986,kg/cap,1.5,E,
16,'050,Bangladesh,3103,Nutrient phosphate P2O5 (total),5172,Use per capita,1987,1987,kg/cap,1.71,E,
16,'050,Bangladesh,3103,Nutrient phosphate P2O5 (total),5172,Use per capita,1988,1988,kg/cap,1.78,E,
16,'050,Bangladesh,3103,Nutrient phosphate P2O5 (total),5172,Use per capita,1989,1989,kg/cap,2.02,E,
16,'050,Bangladesh,3103,Nutrient phosphate P2O5 (total),5172,Use per capita,1990,1990,kg/cap,2.12,E,
16,'050,Bangladesh,3103,Nutrient phosphate P2O5 (total),5172,Use per capita,1991,1991,kg/cap,1.9,E,
16,'050,Bangladesh,3103,Nutrient phosphate P2O5 (total),5172,Use per capita,1992,1992,kg/cap,1.83,E,
16,'050,Bangladesh,3103,Nutrient phosphate P2O5 (total),5172,Use per capita,1993,1993,kg/cap,1.27,E,
16,'050,Bangladesh,3103,Nutrient phosphate P2O5 (total),5172,Use per capita,1994,1994,kg/cap,1.27,E,
16,'050,Bangladesh,3103,Nutrient phosphate P2O5 (total),5172,Use per capita,1995,1995,kg/cap,1.29,E,
16,'050,Bangladesh,3103,Nutrient phosphate P2O5 (total),5172,Use per capita,1996,1996,kg/cap,0.94,E,
16,'050,Bangladesh,3103,Nutrient phosphate P2O5 (total),5172,Use per capita,1997,1997,kg/cap,0.92,E,
16,'050,Bangladesh,3103,Nutrient phosphate P2O5 (total),5172,Use per capita,1998,1998,kg/cap,1.25,E,
16,'050,Bangladesh,3103,Nutrient phosphate P2O5 (total),5172,Use per capita,1999,1999,kg/cap,1.57,E,
16,'050,Bangladesh,3103,Nutrient phosphate P2O5 (total),5172,Use per capita,2000,2000,kg/cap,1.86,E,
16,'050,Bangladesh,3103,Nutrient phosphate P2O5 (total),5172,Use per capita,2001,2001,kg/cap,1.82,E,
16,'050,Bangladesh,3103,Nutrient phosphate P2O5 (total),5172,Use per capita,2002,2002,kg/cap,2.32,E,
16,'050,Bangladesh,3103,Nutrient phosphate P2O5 (total),5172,Use per capita,2003,2003,kg/cap,1.42,E,
16,'050,Bangladesh,3103,Nutrient phosphate P2O5 (total),5172,Use per capita,2004,2004,kg/cap,1.91,E,
16,'050,Bangladesh,3103,Nutrient phosphate P2O5 (total),5172,Use per capita,2005,2005,kg/cap,2.26,E,
16,'050,Bangladesh,3103,Nutrient phosphate P2O5 (total),5172,Use per capita,2006,2006,kg/cap,2.04,E,
16,'050,Bangladesh,3103,Nutrient phosphate P2O5 (total),5172,Use per capita,2007,2007,kg/cap,1.73,E,
16,'050,Bangladesh,3103,Nutrient phosphate P2O5 (total),5172,Use per capita,2008,2008,kg/cap,0.73,E,
16,'050,Bangladesh,3103,Nutrient phosphate P2O5 (total),5172,Use per capita,2009,2009,kg/cap,1.13,E,
16,'050,Bangladesh,3103,Nutrient phosphate P2O5 (total),5172,Use per capita,2010,2010,kg/cap,1.95,E,
16,'050,Bangladesh,3103,Nutrient phosphate P2O5 (total),5172,Use per capita,2011,2011,kg/cap,2.6,E,
16,'050,Bangladesh,3103,Nutrient phosphate P2O5 (total),5172,Use per capita,2012,2012,kg/cap,3.22,E,
16,'050,Bangladesh,3103,Nutrient phosphate P2O5 (total),5172,Use per capita,2013,2013,kg/cap,3.2,E,
16,'050,Bangladesh,3103,Nutrient phosphate P2O5 (total),5172,Use per capita,2014,2014,kg/cap,3.58,E,
16,'050,Bangladesh,3103,Nutrient phosphate P2O5 (total),5172,Use per capita,2015,2015,kg/cap,3.81,E,
16,'050,Bangladesh,3103,Nutrient phosphate P2O5 (total),5172,Use per capita,2016,2016,kg/cap,3.97,E,
16,'050,Bangladesh,3103,Nutrient phosphate P2O5 (total),5172,Use per capita,2017,2017,kg/cap,3.96,E,
16,'050,Bangladesh,3103,Nutrient phosphate P2O5 (total),5172,Use per capita,2018,2018,kg/cap,4.34,E,
16,'050,Bangladesh,3103,Nutrient phosphate P2O5 (total),5172,Use per capita,2019,2019,kg/cap,4.61,E,
16,'050,Bangladesh,3103,Nutrient phosphate P2O5 (total),5172,Use per capita,2020,2020,kg/cap,4.49,E,
16,'050,Bangladesh,3103,Nutrient phosphate P2O5 (total),5172,Use per capita,2021,2021,kg/cap,6.64,E,
16,'050,Bangladesh,3103,Nutrient phosphate P2O5 (total),5172,Use per capita,2022,2022,kg/cap,6.28,E,
16,'050,Bangladesh,3103,Nutrient phosphate P2O5 (total),5172,Use per capita,2023,2023,kg/cap,6.04,E,
16,'050,Bangladesh,3103,Nutrient phosphate P2O5 (total),5172,Use per capita,2024,2024,kg/cap,5.98,E,
16,'050,Bangladesh,3103,Nutrient phosphate P2O5 (total),5173,Use per value of agricultural production,1961,1961,g/Int$,0.21,E,
16,'050,Bangladesh,3103,Nutrient phosphate P2O5 (total),5173,Use per value of agricultural production,1962,1962,g/Int$,0.22,E,
16,'050,Bangladesh,3103,Nutrient phosphate P2O5 (total),5173,Use per value of agricultural production,1963,1963,g/Int$,1.08,E,
16,'050,Bangladesh,3103,Nutrient phosphate P2O5 (total),5173,Use per value of agricultural production,1964,1964,g/Int$,0.89,E,
16,'050,Bangladesh,3103,Nutrient phosphate P2O5 (total),5173,Use per value of agricultural production,1965,1965,g/Int$,0.9,E,
16,'050,Bangladesh,3103,Nutrient phosphate P2O5 (total),5173,Use per value of agricultural production,1966,1966,g/Int$,1.55,E,
16,'050,Bangladesh,3103,Nutrient phosphate P2O5 (total),5173,Use per value of agricultural production,1967,1967,g/Int$,1.8,E,
16,'050,Bangladesh,3103,Nutrient phosphate P2O5 (total),5173,Use per value of agricultural production,1968,1968,g/Int$,2.15,E,
16,'050,Bangladesh,3103,Nutrient phosphate P2O5 (total),5173,Use per value of agricultural production,1969,1969,g/Int$,2.53,E,
16,'050,Bangladesh,3103,Nutrient phosphate P2O5 (total),5173,Use per value of agricultural production,1970,1970,g/Int$,3.06,E,
16,'050,Bangladesh,3103,Nutrient phosphate P2O5 (total),5173,Use per value of agricultural production,1971,1971,g/Int$,2.66,E,
16,'050,Bangladesh,3103,Nutrient phosphate P2O5 (total),5173,Use per value of agricultural production,1972,1972,g/Int$,3.98,E,
16,'050,Bangladesh,3103,Nutrient phosphate P2O5 (total),5173,Use per value of agricultural production,1973,1973,g/Int$,3.84,E,
16,'050,Bangladesh,3103,Nutrient phosphate P2O5 (total),5173,Use per value of agricultural production,1974,1974,g/Int$,3.25,E,
16,'050,Bangladesh,3103,Nutrient phosphate P2O5 (total),5173,Use per value of agricultural production,1975,1975,g/Int$,4.51,E,
16,'050,Bangladesh,3103,Nutrient phosphate P2O5 (total),5173,Use per value of agricultural production,1976,1976,g/Int$,5.26,E,
16,'050,Bangladesh,3103,Nutrient phosphate P2O5 (total),5173,Use per value of agricultural production,1977,1977,g/Int$,7.29,E,
16,'050,Bangladesh,3103,Nutrient phosphate P2O5 (total),5173,Use per value of agricultural production,1978,1978,g/Int$,7.82,E,
16,'050,Bangladesh,3103,Nutrient phosphate P2O5 (total),5173,Use per value of agricultural production,1979,1979,g/Int$,9.23,E,
16,'050,Bangladesh,3103,Nutrient phosphate P2O5 (total),5173,Use per value of agricultural production,1980,1980,g/Int$,9.33,E,
16,'050,Bangladesh,3103,Nutrient phosphate P2O5 (total),5173,Use per value of agricultural production,1981,1981,g/Int$,9.39,E,
16,'050,Bangladesh,3103,Nutrient phosphate P2O5 (total),5173,Use per value of agricultural production,1982,1982,g/Int$,9.52,E,
16,'050,Bangladesh,3103,Nutrient phosphate P2O5 (total),5173,Use per value of agricultural production,1983,1983,g/Int$,11.81,E,
16,'050,Bangladesh,3103,Nutrient phosphate P2O5 (total),5173,Use per value of agricultural production,1984,1984,g/Int$,11.37,E,
16,'050,Bangladesh,3103,Nutrient phosphate P2O5 (total),5173,Use per value of agricultural production,1985,1985,g/Int$,9.51,E,
16,'050,Bangladesh,3103,Nutrient phosphate P2O5 (total),5173,Use per value of agricultural production,1986,1986,g/Int$,10.55,E,
16,'050,Bangladesh,3103,Nutrient phosphate P2O5 (total),5173,Use per value of agricultural production,1987,1987,g/Int$,12.43,E,
16,'050,Bangladesh,3103,Nutrient phosphate P2O5 (total),5173,Use per value of agricultural production,1988,1988,g/Int$,13.17,E,
16,'050,Bangladesh,3103,Nutrient phosphate P2O5 (total),5173,Use per value of agricultural production,1989,1989,g/Int$,13.97,E,
16,'050,Bangladesh,3103,Nutrient phosphate P2O5 (total),5173,Use per value of agricultural production,1990,1990,g/Int$,14.78,E,
16,'050,Bangladesh,3103,Nutrient phosphate P2O5 (total),5173,Use per value of agricultural production,1991,1991,g/Int$,13.45,E,
16,'050,Bangladesh,3103,Nutrient phosphate P2O5 (total),5173,Use per value of agricultural production,1992,1992,g/Int$,12.72,E,
16,'050,Bangladesh,3103,Nutrient phosphate P2O5 (total),5173,Use per value of agricultural production,1993,1993,g/Int$,9.14,E,
16,'050,Bangladesh,3103,Nutrient phosphate P2O5 (total),5173,Use per value of agricultural production,1994,1994,g/Int$,9.48,E,
16,'050,Bangladesh,3103,Nutrient phosphate P2O5 (total),5173,Use per value of agricultural production,1995,1995,g/Int$,9.75,E,
16,'050,Bangladesh,3103,Nutrient phosphate P2O5 (total),5173,Use per value of agricultural production,1996,1996,g/Int$,6.73,E,
16,'050,Bangladesh,3103,Nutrient phosphate P2O5 (total),5173,Use per value of agricultural production,1997,1997,g/Int$,6.64,E,
16,'050,Bangladesh,3103,Nutrient phosphate P2O5 (total),5173,Use per value of agricultural production,1998,1998,g/Int$,9.4,E,
16,'050,Bangladesh,3103,Nutrient phosphate P2O5 (total),5173,Use per value of agricultural production,1999,1999,g/Int$,10.03,E,
16,'050,Bangladesh,3103,Nutrient phosphate P2O5 (total),5173,Use per value of agricultural production,2000,2000,g/Int$,11.55,E,
16,'050,Bangladesh,3103,Nutrient phosphate P2O5 (total),5173,Use per value of agricultural production,2001,2001,g/Int$,11.32,E,
16,'050,Bangladesh,3103,Nutrient phosphate P2O5 (total),5173,Use per value of agricultural production,2002,2002,g/Int$,14.47,E,
16,'050,Bangladesh,3103,Nutrient phosphate P2O5 (total),5173,Use per value of agricultural production,2003,2003,g/Int$,8.71,E,
16,'050,Bangladesh,3103,Nutrient phosphate P2O5 (total),5173,Use per value of agricultural production,2004,2004,g/Int$,12.1,E,
16,'050,Bangladesh,3103,Nutrient phosphate P2O5 (total),5173,Use per value of agricultural production,2005,2005,g/Int$,12.96,E,
16,'050,Bangladesh,3103,Nutrient phosphate P2O5 (total),5173,Use per value of agricultural production,2006,2006,g/Int$,11.67,E,
16,'050,Bangladesh,3103,Nutrient phosphate P2O5 (total),5173,Use per value of agricultural production,2007,2007,g/Int$,9.84,E,
16,'050,Bangladesh,3103,Nutrient phosphate P2O5 (total),5173,Use per value of agricultural production,2008,2008,g/Int$,3.7,E,
16,'050,Bangladesh,3103,Nutrient phosphate P2O5 (total),5173,Use per value of agricultural production,2009,2009,g/Int$,5.8,E,
16,'050,Bangladesh,3103,Nutrient phosphate P2O5 (total),5173,Use per value of agricultural production,2010,2010,g/Int$,9.52,E,
16,'050,Bangladesh,3103,Nutrient phosphate P2O5 (total),5173,Use per value of agricultural production,2011,2011,g/Int$,12.13,E,
16,'050,Bangladesh,3103,Nutrient phosphate P2O5 (total),5173,Use per value of agricultural production,2012,2012,g/Int$,14.87,E,
16,'050,Bangladesh,3103,Nutrient phosphate P2O5 (total),5173,Use per value of agricultural production,2013,2013,g/Int$,14.37,E,
16,'050,Bangladesh,3103,Nutrient phosphate P2O5 (total),5173,Use per value of agricultural production,2014,2014,g/Int$,15.55,E,
16,'050,Bangladesh,3103,Nutrient phosphate P2O5 (total),5173,Use per value of agricultural production,2015,2015,g/Int$,16.13,E,
16,'050,Bangladesh,3103,Nutrient phosphate P2O5 (total),5173,Use per value of agricultural production,2016,2016,g/Int$,16.66,E,
16,'050,Bangladesh,3103,Nutrient phosphate P2O5 (total),5173,Use per value of agricultural production,2017,2017,g/Int$,15.86,E,
16,'050,Bangladesh,3103,Nutrient phosphate P2O5 (total),5173,Use per value of agricultural production,2018,2018,g/Int$,17.16,E,
16,'050,Bangladesh,3103,Nutrient phosphate P2O5 (total),5173,Use per value of agricultural production,2019,2019,g/Int$,17.94,E,
16,'050,Bangladesh,3103,Nutrient phosphate P2O5 (total),5173,Use per value of agricultural production,2020,2020,g/Int$,17.05,E,
16,'050,Bangladesh,3103,Nutrient phosphate P2O5 (total),5173,Use per value of agricultural production,2021,2021,g/Int$,24.15,E,
16,'050,Bangladesh,3103,Nutrient phosphate P2O5 (total),5173,Use per value of agricultural production,2022,2022,g/Int$,22.35,E,
16,'050,Bangladesh,3103,Nutrient phosphate P2O5 (total),5173,Use per value of agricultural production,2023,2023,g/Int$,20.98,E,
16,'050,Bangladesh,3103,Nutrient phosphate P2O5 (total),5173,Use per value of agricultural production,2024,2024,g/Int$,20.49,E,
16,'050,Bangladesh,3104,Nutrient potash K2O (total),5510,Production,2002,2002,t,0.0,I,
16,'050,Bangladesh,3104,Nutrient potash K2O (total),5510,Production,2003,2003,t,0.0,I,
16,'050,Bangladesh,3104,Nutrient potash K2O (total),5510,Production,2004,2004,t,0.0,I,
16,'050,Bangladesh,3104,Nutrient potash K2O (total),5510,Production,2005,2005,t,0.0,I,
16,'050,Bangladesh,3104,Nutrient potash K2O (total),5510,Production,2006,2006,t,0.0,I,
16,'050,Bangladesh,3104,Nutrient potash K2O (total),5510,Production,2007,2007,t,0.0,I,
16,'050,Bangladesh,3104,Nutrient potash K2O (total),5510,Production,2013,2013,t,0.0,I,
16,'050,Bangladesh,3104,Nutrient potash K2O (total),5510,Production,2014,2014,t,0.0,I,
16,'050,Bangladesh,3104,Nutrient potash K2O (total),5510,Production,2015,2015,t,0.0,I,
16,'050,Bangladesh,3104,Nutrient potash K2O (total),5510,Production,2016,2016,t,0.0,I,
16,'050,Bangladesh,3104,Nutrient potash K2O (total),5510,Production,2017,2017,t,0.0,I,
16,'050,Bangladesh,3104,Nutrient potash K2O (total),5510,Production,2018,2018,t,0.0,I,
16,'050,Bangladesh,3104,Nutrient potash K2O (total),5510,Production,2019,2019,t,0.0,I,
16,'050,Bangladesh,3104,Nutrient potash K2O (total),5510,Production,2020,2020,t,0.0,I,
16,'050,Bangladesh,3104,Nutrient potash K2O (total),5510,Production,2021,2021,t,0.0,I,
16,'050,Bangladesh,3104,Nutrient potash K2O (total),5510,Production,2022,2022,t,0.0,I,
16,'050,Bangladesh,3104,Nutrient potash K2O (total),5510,Production,2023,2023,t,0.0,I,
16,'050,Bangladesh,3104,Nutrient potash K2O (total),5510,Production,2024,2024,t,0.0,I,
16,'050,Bangladesh,3104,Nutrient potash K2O (total),5610,Import quantity,1961,1961,t,500.0,A,Official data from questionnaire
16,'050,Bangladesh,3104,Nutrient potash K2O (total),5610,Import quantity,1962,1962,t,1000.0,A,Official data from questionnaire
16,'050,Bangladesh,3104,Nutrient potash K2O (total),5610,Import quantity,1963,1963,t,2000.0,A,Official data from questionnaire
16,'050,Bangladesh,3104,Nutrient potash K2O (total),5610,Import quantity,1964,1964,t,2000.0,A,Official data from questionnaire
16,'050,Bangladesh,3104,Nutrient potash K2O (total),5610,Import quantity,1965,1965,t,2000.0,A,Official data from questionnaire
16,'050,Bangladesh,3104,Nutrient potash K2O (total),5610,Import quantity,1966,1966,t,4100.0,A,Official data from questionnaire
16,'050,Bangladesh,3104,Nutrient potash K2O (total),5610,Import quantity,1967,1967,t,4900.0,A,Official data from questionnaire
16,'050,Bangladesh,3104,Nutrient potash K2O (total),5610,Import quantity,1968,1968,t,7500.0,A,Official data from questionnaire
16,'050,Bangladesh,3104,Nutrient potash K2O (total),5610,Import quantity,1969,1969,t,9100.0,A,Official data from questionnaire
16,'050,Bangladesh,3104,Nutrient potash K2O (total),5610,Import quantity,1970,1970,t,10700.0,A,Official data from questionnaire
16,'050,Bangladesh,3104,Nutrient potash K2O (total),5610,Import quantity,1971,1971,t,8400.0,A,Official data from questionnaire
16,'050,Bangladesh,3104,Nutrient potash K2O (total),5610,Import quantity,1972,1972,t,11260.0,A,Official data from questionnaire
16,'050,Bangladesh,3104,Nutrient potash K2O (total),5610,Import quantity,1973,1973,t,24734.0,A,Official data from questionnaire
16,'050,Bangladesh,3104,Nutrient potash K2O (total),5610,Import quantity,1974,1974,t,4200.0,A,Official data from questionnaire
16,'050,Bangladesh,3104,Nutrient potash K2O (total),5610,Import quantity,1975,1975,t,22428.0,A,Official data from questionnaire
16,'050,Bangladesh,3104,Nutrient potash K2O (total),5610,Import quantity,1976,1976,t,6000.0,A,Official data from questionnaire
16,'050,Bangladesh,3104,Nutrient potash K2O (total),5610,Import quantity,1977,1977,t,22500.0,A,Official data from questionnaire
16,'050,Bangladesh,3104,Nutrient potash K2O (total),5610,Import quantity,1978,1978,t,46676.0,A,Official data from questionnaire
16,'050,Bangladesh,3104,Nutrient potash K2O (total),5610,Import quantity,1979,1979,t,37300.0,A,Official data from questionnaire
16,'050,Bangladesh,3104,Nutrient potash K2O (total),5610,Import quantity,1980,1980,t,28300.0,A,Official data from questionnaire
16,'050,Bangladesh,3104,Nutrient potash K2O (total),5610,Import quantity,1981,1981,t,16000.0,A,Official data from questionnaire
16,'050,Bangladesh,3104,Nutrient potash K2O (total),5610,Import quantity,1982,1982,t,26400.0,A,Official data from questionnaire
16,'050,Bangladesh,3104,Nutrient potash K2O (total),5610,Import quantity,1983,1983,t,36400.0,A,Official data from questionnaire
16,'050,Bangladesh,3104,Nutrient potash K2O (total),5610,Import quantity,1984,1984,t,45000.0,A,Official data from questionnaire
16,'050,Bangladesh,3104,Nutrient potash K2O (total),5610,Import quantity,1985,1985,t,52200.0,A,Official data from questionnaire
16,'050,Bangladesh,3104,Nutrient potash K2O (total),5610,Import quantity,1986,1986,t,28200.0,X,Data sourced from another international organization
16,'050,Bangladesh,3104,Nutrient potash K2O (total),5610,Import quantity,1987,1987,t,50003.0,A,Official data from questionnaire
16,'050,Bangladesh,3104,Nutrient potash K2O (total),5610,Import quantity,1988,1988,t,89056.0,A,Official data from questionnaire
16,'050,Bangladesh,3104,Nutrient potash K2O (total),5610,Import quantity,1989,1989,t,46497.0,A,Official data from questionnaire
16,'050,Bangladesh,3104,Nutrient potash K2O (total),5610,Import quantity,1990,1990,t,87358.0,A,Official data from questionnaire
16,'050,Bangladesh,3104,Nutrient potash K2O (total),5610,Import quantity,1991,1991,t,90000.0,X,Data sourced from another international organization
16,'050,Bangladesh,3104,Nutrient potash K2O (total),5610,Import quantity,1992,1992,t,53636.0,A,Official data from questionnaire
16,'050,Bangladesh,3104,Nutrient potash K2O (total),5610,Import quantity,1993,1993,t,60700.0,A,Official data from questionnaire
16,'050,Bangladesh,3104,Nutrient potash K2O (total),5610,Import quantity,1994,1994,t,137078.0,A,Official data from questionnaire
16,'050,Bangladesh,3104,Nutrient potash K2O (total),5610,Import quantity,1995,1995,t,55200.0,A,Official data from questionnaire
16,'050,Bangladesh,3104,Nutrient potash K2O (total),5610,Import quantity,1996,1996,t,125000.0,X,Data sourced from another international organization
16,'050,Bangladesh,3104,Nutrient potash K2O (total),5610,Import quantity,1997,1997,t,115800.0,A,Official data from questionnaire
16,'050,Bangladesh,3104,Nutrient potash K2O (total),5610,Import quantity,1998,1998,t,146400.0,X,Data sourced from another international organization
16,'050,Bangladesh,3104,Nutrient potash K2O (total),5610,Import quantity,1999,1999,t,128800.0,A,Official data from questionnaire
16,'050,Bangladesh,3104,Nutrient potash K2O (total),5610,Import quantity,2000,2000,t,74000.0,X,Data sourced from another international organization
16,'050,Bangladesh,3104,Nutrient potash K2O (total),5610,Import quantity,2001,2001,t,148800.0,A,Official data from questionnaire
16,'050,Bangladesh,3104,Nutrient potash K2O (total),5610,Import quantity,2002,2002,t,122044.0,E,
16,'050,Bangladesh,3104,Nutrient potash K2O (total),5610,Import quantity,2003,2003,t,157873.0,E,
16,'050,Bangladesh,3104,Nutrient potash K2O (total),5610,Import quantity,2004,2004,t,249927.0,E,
16,'050,Bangladesh,3104,Nutrient potash K2O (total),5610,Import quantity,2005,2005,t,374640.0,E,
16,'050,Bangladesh,3104,Nutrient potash K2O (total),5610,Import quantity,2006,2006,t,288995.0,E,
16,'050,Bangladesh,3104,Nutrient potash K2O (total),5610,Import quantity,2007,2007,t,290257.0,E,
16,'050,Bangladesh,3104,Nutrient potash K2O (total),5610,Import quantity,2008,2008,t,326623.0,E,
16,'050,Bangladesh,3104,Nutrient potash K2O (total),5610,Import quantity,2009,2009,t,110093.0,E,
16,'050,Bangladesh,3104,Nutrient potash K2O (total),5610,Import quantity,2010,2010,t,226017.0,E,
16,'050,Bangladesh,3104,Nutrient potash K2O (total),5610,Import quantity,2011,2011,t,383505.0,E,
16,'050,Bangladesh,3104,Nutrient potash K2O (total),5610,Import quantity,2012,2012,t,418155.0,E,
16,'050,Bangladesh,3104,Nutrient potash K2O (total),5610,Import quantity,2013,2013,t,225209.0,E,
16,'050,Bangladesh,3104,Nutrient potash K2O (total),5610,Import quantity,2014,2014,t,327472.0,E,
16,'050,Bangladesh,3104,Nutrient potash K2O (total),5610,Import quantity,2015,2015,t,456272.0,E,
16,'050,Bangladesh,3104,Nutrient potash K2O (total),5610,Import quantity,2016,2016,t,557744.0,E,
16,'050,Bangladesh,3104,Nutrient potash K2O (total),5610,Import quantity,2017,2017,t,842357.0,E,
16,'050,Bangladesh,3104,Nutrient potash K2O (total),5610,Import quantity,2018,2018,t,429730.0,E,
16,'050,Bangladesh,3104,Nutrient potash K2O (total),5610,Import quantity,2019,2019,t,407448.0,E,
16,'050,Bangladesh,3104,Nutrient potash K2O (total),5610,Import quantity,2020,2020,t,352033.0,E,
16,'050,Bangladesh,3104,Nutrient potash K2O (total),5610,Import quantity,2021,2021,t,192254.0,E,
16,'050,Bangladesh,3104,Nutrient potash K2O (total),5610,Import quantity,2022,2022,t,421836.0,E,
16,'050,Bangladesh,3104,Nutrient potash K2O (total),5610,Import quantity,2023,2023,t,626306.0,E,
16,'050,Bangladesh,3104,Nutrient potash K2O (total),5610,Import quantity,2024,2024,t,185141.0,E,
16,'050,Bangladesh,3104,Nutrient potash K2O (total),5910,Export quantity,1990,1990,t,0.0,E,
16,'050,Bangladesh,3104,Nutrient potash K2O (total),5910,Export quantity,1991,1991,t,107.0,E,
16,'050,Bangladesh,3104,Nutrient potash K2O (total),5910,Export quantity,1992,1992,t,0.0,E,
16,'050,Bangladesh,3104,Nutrient potash K2O (total),5910,Export quantity,1993,1993,t,0.0,E,
16,'050,Bangladesh,3104,Nutrient potash K2O (total),5910,Export quantity,1994,1994,t,0.0,E,
16,'050,Bangladesh,3104,Nutrient potash K2O (total),5910,Export quantity,1995,1995,t,0.0,E,
16,'050,Bangladesh,3104,Nutrient potash K2O (total),5910,Export quantity,1996,1996,t,0.0,E,
16,'050,Bangladesh,3104,Nutrient potash K2O (total),5910,Export quantity,1997,1997,t,0.0,E,
16,'050,Bangladesh,3104,Nutrient potash K2O (total),5910,Export quantity,1998,1998,t,0.0,E,
16,'050,Bangladesh,3104,Nutrient potash K2O (total),5910,Export quantity,1999,1999,t,0.0,I,
16,'050,Bangladesh,3104,Nutrient potash K2O (total),5910,Export quantity,2000,2000,t,0.0,E,
16,'050,Bangladesh,3104,Nutrient potash K2O (total),5910,Export quantity,2001,2001,t,0.0,E,
16,'050,Bangladesh,3104,Nutrient potash K2O (total),5910,Export quantity,2002,2002,t,0.0,E,
16,'050,Bangladesh,3104,Nutrient potash K2O (total),5910,Export quantity,2003,2003,t,0.0,E,
16,'050,Bangladesh,3104,Nutrient potash K2O (total),5910,Export quantity,2004,2004,t,0.0,E,
16,'050,Bangladesh,3104,Nutrient potash K2O (total),5910,Export quantity,2005,2005,t,0.0,E,
16,'050,Bangladesh,3104,Nutrient potash K2O (total),5910,Export quantity,2006,2006,t,0.0,E,
16,'050,Bangladesh,3104,Nutrient potash K2O (total),5910,Export quantity,2007,2007,t,10.0,E,
16,'050,Bangladesh,3104,Nutrient potash K2O (total),5910,Export quantity,2008,2008,t,0.0,E,
16,'050,Bangladesh,3104,Nutrient potash K2O (total),5910,Export quantity,2009,2009,t,0.0,E,
16,'050,Bangladesh,3104,Nutrient potash K2O (total),5910,Export quantity,2010,2010,t,0.0,E,
16,'050,Bangladesh,3104,Nutrient potash K2O (total),5910,Export quantity,2011,2011,t,0.0,E,
16,'050,Bangladesh,3104,Nutrient potash K2O (total),5910,Export quantity,2012,2012,t,0.0,E,
16,'050,Bangladesh,3104,Nutrient potash K2O (total),5910,Export quantity,2013,2013,t,0.0,E,
16,'050,Bangladesh,3104,Nutrient potash K2O (total),5910,Export quantity,2014,2014,t,0.0,E,
16,'050,Bangladesh,3104,Nutrient potash K2O (total),5910,Export quantity,2015,2015,t,2.0,E,
16,'050,Bangladesh,3104,Nutrient potash K2O (total),5910,Export quantity,2016,2016,t,0.0,E,
16,'050,Bangladesh,3104,Nutrient potash K2O (total),5910,Export quantity,2017,2017,t,0.0,E,
16,'050,Bangladesh,3104,Nutrient potash K2O (total),5910,Export quantity,2018,2018,t,0.0,E,
16,'050,Bangladesh,3104,Nutrient potash K2O (total),5910,Export quantity,2019,2019,t,0.0,E,
16,'050,Bangladesh,3104,Nutrient potash K2O (total),5910,Export quantity,2020,2020,t,0.0,E,
16,'050,Bangladesh,3104,Nutrient potash K2O (total),5910,Export quantity,2021,2021,t,0.0,E,
16,'050,Bangladesh,3104,Nutrient potash K2O (total),5910,Export quantity,2022,2022,t,57.0,E,
16,'050,Bangladesh,3104,Nutrient potash K2O (total),5910,Export quantity,2023,2023,t,0.0,E,
16,'050,Bangladesh,3104,Nutrient potash K2O (total),5910,Export quantity,2024,2024,t,1.0,E,
16,'050,Bangladesh,3104,Nutrient potash K2O (total),5157,Agricultural Use,1961,1961,t,500.0,A,Official data from questionnaire
16,'050,Bangladesh,3104,Nutrient potash K2O (total),5157,Agricultural Use,1962,1962,t,1000.0,A,Official data from questionnaire
16,'050,Bangladesh,3104,Nutrient potash K2O (total),5157,Agricultural Use,1963,1963,t,2000.0,A,Official data from questionnaire
16,'050,Bangladesh,3104,Nutrient potash K2O (total),5157,Agricultural Use,1964,1964,t,2000.0,A,Official data from questionnaire
16,'050,Bangladesh,3104,Nutrient potash K2O (total),5157,Agricultural Use,1965,1965,t,2000.0,A,Official data from questionnaire
16,'050,Bangladesh,3104,Nutrient potash K2O (total),5157,Agricultural Use,1966,1966,t,4100.0,A,Official data from questionnaire
16,'050,Bangladesh,3104,Nutrient potash K2O (total),5157,Agricultural Use,1967,1967,t,4900.0,A,Official data from questionnaire
16,'050,Bangladesh,3104,Nutrient potash K2O (total),5157,Agricultural Use,1968,1968,t,7500.0,A,Official data from questionnaire
16,'050,Bangladesh,3104,Nutrient potash K2O (total),5157,Agricultural Use,1969,1969,t,9100.0,A,Official data from questionnaire
16,'050,Bangladesh,3104,Nutrient potash K2O (total),5157,Agricultural Use,1970,1970,t,10700.0,A,Official data from questionnaire
16,'050,Bangladesh,3104,Nutrient potash K2O (total),5157,Agricultural Use,1971,1971,t,8400.0,A,Official data from questionnaire
16,'050,Bangladesh,3104,Nutrient potash K2O (total),5157,Agricultural Use,1972,1972,t,11260.0,A,Official data from questionnaire
16,'050,Bangladesh,3104,Nutrient potash K2O (total),5157,Agricultural Use,1973,1973,t,11212.0,A,Official data from questionnaire
16,'050,Bangladesh,3104,Nutrient potash K2O (total),5157,Agricultural Use,1974,1974,t,10745.0,A,Official data from questionnaire
16,'050,Bangladesh,3104,Nutrient potash K2O (total),5157,Agricultural Use,1975,1975,t,14523.0,A,Official data from questionnaire
16,'050,Bangladesh,3104,Nutrient potash K2O (total),5157,Agricultural Use,1976,1976,t,14475.0,A,Official data from questionnaire
16,'050,Bangladesh,3104,Nutrient potash K2O (total),5157,Agricultural Use,1977,1977,t,25100.0,A,Official data from questionnaire
16,'050,Bangladesh,3104,Nutrient potash K2O (total),5157,Agricultural Use,1978,1978,t,27443.0,A,Official data from questionnaire
16,'050,Bangladesh,3104,Nutrient potash K2O (total),5157,Agricultural Use,1979,1979,t,29340.0,A,Official data from questionnaire
16,'050,Bangladesh,3104,Nutrient potash K2O (total),5157,Agricultural Use,1980,1980,t,28700.0,A,Official data from questionnaire
16,'050,Bangladesh,3104,Nutrient potash K2O (total),5157,Agricultural Use,1981,1981,t,28200.0,A,Official data from questionnaire
16,'050,Bangladesh,3104,Nutrient potash K2O (total),5157,Agricultural Use,1982,1982,t,30000.0,A,Official data from questionnaire
16,'050,Bangladesh,3104,Nutrient potash K2O (total),5157,Agricultural Use,1983,1983,t,37800.0,A,Official data from questionnaire
16,'050,Bangladesh,3104,Nutrient potash K2O (total),5157,Agricultural Use,1984,1984,t,41400.0,A,Official data from questionnaire
16,'050,Bangladesh,3104,Nutrient potash K2O (total),5157,Agricultural Use,1985,1985,t,36011.0,A,Official data from questionnaire
16,'050,Bangladesh,3104,Nutrient potash K2O (total),5157,Agricultural Use,1986,1986,t,39600.0,X,Data sourced from another international organization
16,'050,Bangladesh,3104,Nutrient potash K2O (total),5157,Agricultural Use,1987,1987,t,51683.0,A,Official data from questionnaire
16,'050,Bangladesh,3104,Nutrient potash K2O (total),5157,Agricultural Use,1988,1988,t,56503.0,A,Official data from questionnaire
16,'050,Bangladesh,3104,Nutrient potash K2O (total),5157,Agricultural Use,1989,1989,t,56053.0,A,Official data from questionnaire
16,'050,Bangladesh,3104,Nutrient potash K2O (total),5157,Agricultural Use,1990,1990,t,88155.0,A,Official data from questionnaire
16,'050,Bangladesh,3104,Nutrient potash K2O (total),5157,Agricultural Use,1991,1991,t,82200.0,A,Official data from questionnaire
16,'050,Bangladesh,3104,Nutrient potash K2O (total),5157,Agricultural Use,1992,1992,t,73444.0,A,Official data from questionnaire
16,'050,Bangladesh,3104,Nutrient potash K2O (total),5157,Agricultural Use,1993,1993,t,62300.0,A,Official data from questionnaire
16,'050,Bangladesh,3104,Nutrient potash K2O (total),5157,Agricultural Use,1994,1994,t,92407.0,A,Official data from questionnaire
16,'050,Bangladesh,3104,Nutrient potash K2O (total),5157,Agricultural Use,1995,1995,t,94000.0,X,Data sourced from another international organization
16,'050,Bangladesh,3104,Nutrient potash K2O (total),5157,Agricultural Use,1996,1996,t,117000.0,X,Data sourced from another international organization
16,'050,Bangladesh,3104,Nutrient potash K2O (total),5157,Agricultural Use,1997,1997,t,115800.0,A,Official data from questionnaire
16,'050,Bangladesh,3104,Nutrient potash K2O (total),5157,Agricultural Use,1998,1998,t,126600.0,X,Data sourced from another international organization
16,'050,Bangladesh,3104,Nutrient potash K2O (total),5157,Agricultural Use,1999,1999,t,143600.0,A,Official data from questionnaire
16,'050,Bangladesh,3104,Nutrient potash K2O (total),5157,Agricultural Use,2000,2000,t,74000.0,X,Data sourced from another international organization
16,'050,Bangladesh,3104,Nutrient potash K2O (total),5157,Agricultural Use,2001,2001,t,146387.0,A,Official data from questionnaire
16,'050,Bangladesh,3104,Nutrient potash K2O (total),5157,Agricultural Use,2002,2002,t,156017.0,A,Official data collected from national publication
16,'050,Bangladesh,3104,Nutrient potash K2O (total),5157,Agricultural Use,2003,2003,t,167070.0,I,
16,'050,Bangladesh,3104,Nutrient potash K2O (total),5157,Agricultural Use,2004,2004,t,162900.0,A,Official data collected from national publication
16,'050,Bangladesh,3104,Nutrient potash K2O (total),5157,Agricultural Use,2005,2005,t,244350.0,A,Official data collected from national publication
16,'050,Bangladesh,3104,Nutrient potash K2O (total),5157,Agricultural Use,2006,2006,t,124836.0,A,Official data collected from national publication
16,'050,Bangladesh,3104,Nutrient potash K2O (total),5157,Agricultural Use,2007,2007,t,136800.0,A,Official data collected from national publication
16,'050,Bangladesh,3104,Nutrient potash K2O (total),5157,Agricultural Use,2008,2008,t,164400.0,A,Official data collected from national publication
16,'050,Bangladesh,3104,Nutrient potash K2O (total),5157,Agricultural Use,2009,2009,t,145939.0,I,
16,'050,Bangladesh,3104,Nutrient potash K2O (total),5157,Agricultural Use,2010,2010,t,196306.0,I,
16,'050,Bangladesh,3104,Nutrient potash K2O (total),5157,Agricultural Use,2011,2011,t,289200.0,A,Official data collected from national publication
16,'050,Bangladesh,3104,Nutrient potash K2O (total),5157,Agricultural Use,2012,2012,t,367800.0,A,Official data from questionnaire
16,'050,Bangladesh,3104,Nutrient potash K2O (total),5157,Agricultural Use,2013,2013,t,342600.0,A,Official data from questionnaire
16,'050,Bangladesh,3104,Nutrient potash K2O (total),5157,Agricultural Use,2014,2014,t,346200.0,A,Official data from questionnaire
16,'050,Bangladesh,3104,Nutrient potash K2O (total),5157,Agricultural Use,2015,2015,t,384000.0,I,
16,'050,Bangladesh,3104,Nutrient potash K2O (total),5157,Agricultural Use,2016,2016,t,436200.0,A,Official data from questionnaire
16,'050,Bangladesh,3104,Nutrient potash K2O (total),5157,Agricultural Use,2017,2017,t,473400.0,A,Official data from questionnaire
16,'050,Bangladesh,3104,Nutrient potash K2O (total),5157,Agricultural Use,2018,2018,t,434400.0,I,
16,'050,Bangladesh,3104,Nutrient potash K2O (total),5157,Agricultural Use,2019,2019,t,429600.0,I,
16,'050,Bangladesh,3104,Nutrient potash K2O (total),5157,Agricultural Use,2020,2020,t,458400.0,I,
16,'050,Bangladesh,3104,Nutrient potash K2O (total),5157,Agricultural Use,2021,2021,t,474000.0,I,
16,'050,Bangladesh,3104,Nutrient potash K2O (total),5157,Agricultural Use,2022,2022,t,507000.0,I,
16,'050,Bangladesh,3104,Nutrient potash K2O (total),5157,Agricultural Use,2023,2023,t,554308.0,I,
16,'050,Bangladesh,3104,Nutrient potash K2O (total),5157,Agricultural Use,2024,2024,t,591600.0,E,
16,'050,Bangladesh,3104,Nutrient potash K2O (total),5159,Use per area of cropland,1961,1961,kg/ha,0.06,E,
16,'050,Bangladesh,3104,Nutrient potash K2O (total),5159,Use per area of cropland,1962,1962,kg/ha,0.11,E,
16,'050,Bangladesh,3104,Nutrient potash K2O (total),5159,Use per area of cropland,1963,1963,kg/ha,0.23,E,
16,'050,Bangladesh,3104,Nutrient potash K2O (total),5159,Use per area of cropland,1964,1964,kg/ha,0.22,E,
16,'050,Bangladesh,3104,Nutrient potash K2O (total),5159,Use per area of cropland,1965,1965,kg/ha,0.22,E,
16,'050,Bangladesh,3104,Nutrient potash K2O (total),5159,Use per area of cropland,1966,1966,kg/ha,0.45,E,
16,'050,Bangladesh,3104,Nutrient potash K2O (total),5159,Use per area of cropland,1967,1967,kg/ha,0.54,E,
16,'050,Bangladesh,3104,Nutrient potash K2O (total),5159,Use per area of cropland,1968,1968,kg/ha,0.83,E,
16,'050,Bangladesh,3104,Nutrient potash K2O (total),5159,Use per area of cropland,1969,1969,kg/ha,1.0,E,
16,'050,Bangladesh,3104,Nutrient potash K2O (total),5159,Use per area of cropland,1970,1970,kg/ha,1.18,E,
16,'050,Bangladesh,3104,Nutrient potash K2O (total),5159,Use per area of cropland,1971,1971,kg/ha,0.92,E,
16,'050,Bangladesh,3104,Nutrient potash K2O (total),5159,Use per area of cropland,1972,1972,kg/ha,1.2,E,
16,'050,Bangladesh,3104,Nutrient potash K2O (total),5159,Use per area of cropland,1973,1973,kg/ha,1.19,E,
16,'050,Bangladesh,3104,Nutrient potash K2O (total),5159,Use per area of cropland,1974,1974,kg/ha,1.14,E,
16,'050,Bangladesh,3104,Nutrient potash K2O (total),5159,Use per area of cropland,1975,1975,kg/ha,1.54,E,
16,'050,Bangladesh,3104,Nutrient potash K2O (total),5159,Use per area of cropland,1976,1976,kg/ha,1.54,E,
16,'050,Bangladesh,3104,Nutrient potash K2O (total),5159,Use per area of cropland,1977,1977,kg/ha,2.67,E,
16,'050,Bangladesh,3104,Nutrient potash K2O (total),5159,Use per area of cropland,1978,1978,kg/ha,2.92,E,
16,'050,Bangladesh,3104,Nutrient potash K2O (total),5159,Use per area of cropland,1979,1979,kg/ha,3.13,E,
16,'050,Bangladesh,3104,Nutrient potash K2O (total),5159,Use per area of cropland,1980,1980,kg/ha,3.06,E,
16,'050,Bangladesh,3104,Nutrient potash K2O (total),5159,Use per area of cropland,1981,1981,kg/ha,3.01,E,
16,'050,Bangladesh,3104,Nutrient potash K2O (total),5159,Use per area of cropland,1982,1982,kg/ha,3.2,E,
16,'050,Bangladesh,3104,Nutrient potash K2O (total),5159,Use per area of cropland,1983,1983,kg/ha,4.04,E,
16,'050,Bangladesh,3104,Nutrient potash K2O (total),5159,Use per area of cropland,1984,1984,kg/ha,4.38,E,
16,'050,Bangladesh,3104,Nutrient potash K2O (total),5159,Use per area of cropland,1985,1985,kg/ha,3.82,E,
16,'050,Bangladesh,3104,Nutrient potash K2O (total),5159,Use per area of cropland,1986,1986,kg/ha,4.19,E,
16,'050,Bangladesh,3104,Nutrient potash K2O (total),5159,Use per area of cropland,1987,1987,kg/ha,5.43,E,
16,'050,Bangladesh,3104,Nutrient potash K2O (total),5159,Use per area of cropland,1988,1988,kg/ha,5.75,E,
16,'050,Bangladesh,3104,Nutrient potash K2O (total),5159,Use per area of cropland,1989,1989,kg/ha,5.69,E,
16,'050,Bangladesh,3104,Nutrient potash K2O (total),5159,Use per area of cropland,1990,1990,kg/ha,9.01,E,
16,'050,Bangladesh,3104,Nutrient potash K2O (total),5159,Use per area of cropland,1991,1991,kg/ha,8.46,E,
16,'050,Bangladesh,3104,Nutrient potash K2O (total),5159,Use per area of cropland,1992,1992,kg/ha,8.21,E,
16,'050,Bangladesh,3104,Nutrient potash K2O (total),5159,Use per area of cropland,1993,1993,kg/ha,7.04,E,
16,'050,Bangladesh,3104,Nutrient potash K2O (total),5159,Use per area of cropland,1994,1994,kg/ha,10.55,E,
16,'050,Bangladesh,3104,Nutrient potash K2O (total),5159,Use per area of cropland,1995,1995,kg/ha,10.71,E,
16,'050,Bangladesh,3104,Nutrient potash K2O (total),5159,Use per area of cropland,1996,1996,kg/ha,13.41,E,
16,'050,Bangladesh,3104,Nutrient potash K2O (total),5159,Use per area of cropland,1997,1997,kg/ha,13.21,E,
16,'050,Bangladesh,3104,Nutrient potash K2O (total),5159,Use per area of cropland,1998,1998,kg/ha,14.33,E,
16,'050,Bangladesh,3104,Nutrient potash K2O (total),5159,Use per area of cropland,1999,1999,kg/ha,16.16,E,
16,'050,Bangladesh,3104,Nutrient potash K2O (total),5159,Use per area of cropland,2000,2000,kg/ha,8.41,E,
16,'050,Bangladesh,3104,Nutrient potash K2O (total),5159,Use per area of cropland,2001,2001,kg/ha,16.63,E,
16,'050,Bangladesh,3104,Nutrient potash K2O (total),5159,Use per area of cropland,2002,2002,kg/ha,17.82,E,
16,'050,Bangladesh,3104,Nutrient potash K2O (total),5159,Use per area of cropland,2003,2003,kg/ha,19.14,E,
16,'050,Bangladesh,3104,Nutrient potash K2O (total),5159,Use per area of cropland,2004,2004,kg/ha,18.67,E,
16,'050,Bangladesh,3104,Nutrient potash K2O (total),5159,Use per area of cropland,2005,2005,kg/ha,28.05,E,
16,'050,Bangladesh,3104,Nutrient potash K2O (total),5159,Use per area of cropland,2006,2006,kg/ha,14.38,E,
16,'050,Bangladesh,3104,Nutrient potash K2O (total),5159,Use per area of cropland,2007,2007,kg/ha,15.79,E,
16,'050,Bangladesh,3104,Nutrient potash K2O (total),5159,Use per area of cropland,2008,2008,kg/ha,19.0,E,
16,'050,Bangladesh,3104,Nutrient potash K2O (total),5159,Use per area of cropland,2009,2009,kg/ha,16.88,E,
16,'050,Bangladesh,3104,Nutrient potash K2O (total),5159,Use per area of cropland,2010,2010,kg/ha,22.72,E,
16,'050,Bangladesh,3104,Nutrient potash K2O (total),5159,Use per area of cropland,2011,2011,kg/ha,33.91,E,
16,'050,Bangladesh,3104,Nutrient potash K2O (total),5159,Use per area of cropland,2012,2012,kg/ha,43.17,E,
16,'050,Bangladesh,3104,Nutrient potash K2O (total),5159,Use per area of cropland,2013,2013,kg/ha,40.27,E,
16,'050,Bangladesh,3104,Nutrient potash K2O (total),5159,Use per area of cropland,2014,2014,kg/ha,40.73,E,
16,'050,Bangladesh,3104,Nutrient potash K2O (total),5159,Use per area of cropland,2015,2015,kg/ha,44.85,E,
16,'050,Bangladesh,3104,Nutrient potash K2O (total),5159,Use per area of cropland,2016,2016,kg/ha,50.76,E,
16,'050,Bangladesh,3104,Nutrient potash K2O (total),5159,Use per area of cropland,2017,2017,kg/ha,55.13,E,
16,'050,Bangladesh,3104,Nutrient potash K2O (total),5159,Use per area of cropland,2018,2018,kg/ha,50.5,E,
16,'050,Bangladesh,3104,Nutrient potash K2O (total),5159,Use per area of cropland,2019,2019,kg/ha,48.83,E,
16,'050,Bangladesh,3104,Nutrient potash K2O (total),5159,Use per area of cropland,2020,2020,kg/ha,51.91,E,
16,'050,Bangladesh,3104,Nutrient potash K2O (total),5159,Use per area of cropland,2021,2021,kg/ha,53.75,E,
16,'050,Bangladesh,3104,Nutrient potash K2O (total),5159,Use per area of cropland,2022,2022,kg/ha,57.44,E,
16,'050,Bangladesh,3104,Nutrient potash K2O (total),5159,Use per area of cropland,2023,2023,kg/ha,63.0,E,
16,'050,Bangladesh,3104,Nutrient potash K2O (total),5159,Use per area of cropland,2024,2024,kg/ha,67.23,E,
16,'050,Bangladesh,3104,Nutrient potash K2O (total),5172,Use per capita,1961,1961,kg/cap,0.01,E,
16,'050,Bangladesh,3104,Nutrient potash K2O (total),5172,Use per capita,1962,1962,kg/cap,0.02,E,
16,'050,Bangladesh,3104,Nutrient potash K2O (total),5172,Use per capita,1963,1963,kg/cap,0.04,E,
16,'050,Bangladesh,3104,Nutrient potash K2O (total),5172,Use per capita,1964,1964,kg/cap,0.03,E,
16,'050,Bangladesh,3104,Nutrient potash K2O (total),5172,Use per capita,1965,1965,kg/cap,0.03,E,
16,'050,Bangladesh,3104,Nutrient potash K2O (total),5172,Use per capita,1966,1966,kg/cap,0.07,E,
16,'050,Bangladesh,3104,Nutrient potash K2O (total),5172,Use per capita,1967,1967,kg/cap,0.08,E,
16,'050,Bangladesh,3104,Nutrient potash K2O (total),5172,Use per capita,1968,1968,kg/cap,0.11,E,
16,'050,Bangladesh,3104,Nutrient potash K2O (total),5172,Use per capita,1969,1969,kg/cap,0.14,E,
16,'050,Bangladesh,3104,Nutrient potash K2O (total),5172,Use per capita,1970,1970,kg/cap,0.15,E,
16,'050,Bangladesh,3104,Nutrient potash K2O (total),5172,Use per capita,1971,1971,kg/cap,0.12,E,
16,'050,Bangladesh,3104,Nutrient potash K2O (total),5172,Use per capita,1972,1972,kg/cap,0.16,E,
16,'050,Bangladesh,3104,Nutrient potash K2O (total),5172,Use per capita,1973,1973,kg/cap,0.15,E,
16,'050,Bangladesh,3104,Nutrient potash K2O (total),5172,Use per capita,1974,1974,kg/cap,0.14,E,
16,'050,Bangladesh,3104,Nutrient potash K2O (total),5172,Use per capita,1975,1975,kg/cap,0.19,E,
16,'050,Bangladesh,3104,Nutrient potash K2O (total),5172,Use per capita,1976,1976,kg/cap,0.18,E,
16,'050,Bangladesh,3104,Nutrient potash K2O (total),5172,Use per capita,1977,1977,kg/cap,0.31,E,
16,'050,Bangladesh,3104,Nutrient potash K2O (total),5172,Use per capita,1978,1978,kg/cap,0.33,E,
16,'050,Bangladesh,3104,Nutrient potash K2O (total),5172,Use per capita,1979,1979,kg/cap,0.34,E,
16,'050,Bangladesh,3104,Nutrient potash K2O (total),5172,Use per capita,1980,1980,kg/cap,0.33,E,
16,'050,Bangladesh,3104,Nutrient potash K2O (total),5172,Use per capita,1981,1981,kg/cap,0.31,E,
16,'050,Bangladesh,3104,Nutrient potash K2O (total),5172,Use per capita,1982,1982,kg/cap,0.32,E,
16,'050,Bangladesh,3104,Nutrient potash K2O (total),5172,Use per capita,1983,1983,kg/cap,0.4,E,
16,'050,Bangladesh,3104,Nutrient potash K2O (total),5172,Use per capita,1984,1984,kg/cap,0.42,E,
16,'050,Bangladesh,3104,Nutrient potash K2O (total),5172,Use per capita,1985,1985,kg/cap,0.36,E,
16,'050,Bangladesh,3104,Nutrient potash K2O (total),5172,Use per capita,1986,1986,kg/cap,0.39,E,
16,'050,Bangladesh,3104,Nutrient potash K2O (total),5172,Use per capita,1987,1987,kg/cap,0.49,E,
16,'050,Bangladesh,3104,Nutrient potash K2O (total),5172,Use per capita,1988,1988,kg/cap,0.53,E,
16,'050,Bangladesh,3104,Nutrient potash K2O (total),5172,Use per capita,1989,1989,kg/cap,0.51,E,
16,'050,Bangladesh,3104,Nutrient potash K2O (total),5172,Use per capita,1990,1990,kg/cap,0.79,E,
16,'050,Bangladesh,3104,Nutrient potash K2O (total),5172,Use per capita,1991,1991,kg/cap,0.72,E,
16,'050,Bangladesh,3104,Nutrient potash K2O (total),5172,Use per capita,1992,1992,kg/cap,0.63,E,
16,'050,Bangladesh,3104,Nutrient potash K2O (total),5172,Use per capita,1993,1993,kg/cap,0.53,E,
16,'050,Bangladesh,3104,Nutrient potash K2O (total),5172,Use per capita,1994,1994,kg/cap,0.77,E,
16,'050,Bangladesh,3104,Nutrient potash K2O (total),5172,Use per capita,1995,1995,kg/cap,0.77,E,
16,'050,Bangladesh,3104,Nutrient potash K2O (total),5172,Use per capita,1996,1996,kg/cap,0.94,E,
16,'050,Bangladesh,3104,Nutrient potash K2O (total),5172,Use per capita,1997,1997,kg/cap,0.91,E,
16,'050,Bangladesh,3104,Nutrient potash K2O (total),5172,Use per capita,1998,1998,kg/cap,0.98,E,
16,'050,Bangladesh,3104,Nutrient potash K2O (total),5172,Use per capita,1999,1999,kg/cap,1.09,E,
16,'050,Bangladesh,3104,Nutrient potash K2O (total),5172,Use per capita,2000,2000,kg/cap,0.55,E,
16,'050,Bangladesh,3104,Nutrient potash K2O (total),5172,Use per capita,2001,2001,kg/cap,1.07,E,
16,'050,Bangladesh,3104,Nutrient potash K2O (total),5172,Use per capita,2002,2002,kg/cap,1.12,E,
16,'050,Bangladesh,3104,Nutrient potash K2O (total),5172,Use per capita,2003,2003,kg/cap,1.19,E,
16,'050,Bangladesh,3104,Nutrient potash K2O (total),5172,Use per capita,2004,2004,kg/cap,1.14,E,
16,'050,Bangladesh,3104,Nutrient potash K2O (total),5172,Use per capita,2005,2005,kg/cap,1.69,E,
16,'050,Bangladesh,3104,Nutrient potash K2O (total),5172,Use per capita,2006,2006,kg/cap,0.85,E,
16,'050,Bangladesh,3104,Nutrient potash K2O (total),5172,Use per capita,2007,2007,kg/cap,0.92,E,
16,'050,Bangladesh,3104,Nutrient potash K2O (total),5172,Use per capita,2008,2008,kg/cap,1.1,E,
16,'050,Bangladesh,3104,Nutrient potash K2O (total),5172,Use per capita,2009,2009,kg/cap,0.97,E,
16,'050,Bangladesh,3104,Nutrient potash K2O (total),5172,Use per capita,2010,2010,kg/cap,1.29,E,
16,'050,Bangladesh,3104,Nutrient potash K2O (total),5172,Use per capita,2011,2011,kg/cap,1.88,E,
16,'050,Bangladesh,3104,Nutrient potash K2O (total),5172,Use per capita,2012,2012,kg/cap,2.37,E,
16,'050,Bangladesh,3104,Nutrient potash K2O (total),5172,Use per capita,2013,2013,kg/cap,2.19,E,
16,'050,Bangladesh,3104,Nutrient potash K2O (total),5172,Use per capita,2014,2014,kg/cap,2.19,E,
16,'050,Bangladesh,3104,Nutrient potash K2O (total),5172,Use per capita,2015,2015,kg/cap,2.41,E,
16,'050,Bangladesh,3104,Nutrient potash K2O (total),5172,Use per capita,2016,2016,kg/cap,2.71,E,
16,'050,Bangladesh,3104,Nutrient potash K2O (total),5172,Use per capita,2017,2017,kg/cap,2.92,E,
16,'050,Bangladesh,3104,Nutrient potash K2O (total),5172,Use per capita,2018,2018,kg/cap,2.66,E,
16,'050,Bangladesh,3104,Nutrient potash K2O (total),5172,Use per capita,2019,2019,kg/cap,2.61,E,
16,'050,Bangladesh,3104,Nutrient potash K2O (total),5172,Use per capita,2020,2020,kg/cap,2.76,E,
16,'050,Bangladesh,3104,Nutrient potash K2O (total),5172,Use per capita,2021,2021,kg/cap,2.83,E,
16,'050,Bangladesh,3104,Nutrient potash K2O (total),5172,Use per capita,2022,2022,kg/cap,2.99,E,
16,'050,Bangladesh,3104,Nutrient potash K2O (total),5172,Use per capita,2023,2023,kg/cap,3.23,E,
16,'050,Bangladesh,3104,Nutrient potash K2O (total),5172,Use per capita,2024,2024,kg/cap,3.41,E,
16,'050,Bangladesh,3104,Nutrient potash K2O (total),5173,Use per value of agricultural production,1961,1961,g/Int$,0.05,E,
16,'050,Bangladesh,3104,Nutrient potash K2O (total),5173,Use per value of agricultural production,1962,1962,g/Int$,0.11,E,
16,'050,Bangladesh,3104,Nutrient potash K2O (total),5173,Use per value of agricultural production,1963,1963,g/Int$,0.2,E,
16,'050,Bangladesh,3104,Nutrient potash K2O (total),5173,Use per value of agricultural production,1964,1964,g/Int$,0.2,E,
16,'050,Bangladesh,3104,Nutrient potash K2O (total),5173,Use per value of agricultural production,1965,1965,g/Int$,0.19,E,
16,'050,Bangladesh,3104,Nutrient potash K2O (total),5173,Use per value of agricultural production,1966,1966,g/Int$,0.41,E,
16,'050,Bangladesh,3104,Nutrient potash K2O (total),5173,Use per value of agricultural production,1967,1967,g/Int$,0.44,E,
16,'050,Bangladesh,3104,Nutrient potash K2O (total),5173,Use per value of agricultural production,1968,1968,g/Int$,0.66,E,
16,'050,Bangladesh,3104,Nutrient potash K2O (total),5173,Use per value of agricultural production,1969,1969,g/Int$,0.76,E,
16,'050,Bangladesh,3104,Nutrient potash K2O (total),5173,Use per value of agricultural production,1970,1970,g/Int$,0.94,E,
16,'050,Bangladesh,3104,Nutrient potash K2O (total),5173,Use per value of agricultural production,1971,1971,g/Int$,0.81,E,
16,'050,Bangladesh,3104,Nutrient potash K2O (total),5173,Use per value of agricultural production,1972,1972,g/Int$,1.08,E,
16,'050,Bangladesh,3104,Nutrient potash K2O (total),5173,Use per value of agricultural production,1973,1973,g/Int$,0.98,E,
16,'050,Bangladesh,3104,Nutrient potash K2O (total),5173,Use per value of agricultural production,1974,1974,g/Int$,0.98,E,
16,'050,Bangladesh,3104,Nutrient potash K2O (total),5173,Use per value of agricultural production,1975,1975,g/Int$,1.21,E,
16,'050,Bangladesh,3104,Nutrient potash K2O (total),5173,Use per value of agricultural production,1976,1976,g/Int$,1.25,E,
16,'050,Bangladesh,3104,Nutrient potash K2O (total),5173,Use per value of agricultural production,1977,1977,g/Int$,2.02,E,
16,'050,Bangladesh,3104,Nutrient potash K2O (total),5173,Use per value of agricultural production,1978,1978,g/Int$,2.13,E,
16,'050,Bangladesh,3104,Nutrient potash K2O (total),5173,Use per value of agricultural production,1979,1979,g/Int$,2.3,E,
16,'050,Bangladesh,3104,Nutrient potash K2O (total),5173,Use per value of agricultural production,1980,1980,g/Int$,2.23,E,
16,'050,Bangladesh,3104,Nutrient potash K2O (total),5173,Use per value of agricultural production,1981,1981,g/Int$,2.2,E,
16,'050,Bangladesh,3104,Nutrient potash K2O (total),5173,Use per value of agricultural production,1982,1982,g/Int$,2.26,E,
16,'050,Bangladesh,3104,Nutrient potash K2O (total),5173,Use per value of agricultural production,1983,1983,g/Int$,2.78,E,
16,'050,Bangladesh,3104,Nutrient potash K2O (total),5173,Use per value of agricultural production,1984,1984,g/Int$,3.02,E,
16,'050,Bangladesh,3104,Nutrient potash K2O (total),5173,Use per value of agricultural production,1985,1985,g/Int$,2.5,E,
16,'050,Bangladesh,3104,Nutrient potash K2O (total),5173,Use per value of agricultural production,1986,1986,g/Int$,2.71,E,
16,'050,Bangladesh,3104,Nutrient potash K2O (total),5173,Use per value of agricultural production,1987,1987,g/Int$,3.58,E,
16,'050,Bangladesh,3104,Nutrient potash K2O (total),5173,Use per value of agricultural production,1988,1988,g/Int$,3.89,E,
16,'050,Bangladesh,3104,Nutrient potash K2O (total),5173,Use per value of agricultural production,1989,1989,g/Int$,3.54,E,
16,'050,Bangladesh,3104,Nutrient potash K2O (total),5173,Use per value of agricultural production,1990,1990,g/Int$,5.52,E,
16,'050,Bangladesh,3104,Nutrient potash K2O (total),5173,Use per value of agricultural production,1991,1991,g/Int$,5.11,E,
16,'050,Bangladesh,3104,Nutrient potash K2O (total),5173,Use per value of agricultural production,1992,1992,g/Int$,4.41,E,
16,'050,Bangladesh,3104,Nutrient potash K2O (total),5173,Use per value of agricultural production,1993,1993,g/Int$,3.8,E,
16,'050,Bangladesh,3104,Nutrient potash K2O (total),5173,Use per value of agricultural production,1994,1994,g/Int$,5.71,E,
16,'050,Bangladesh,3104,Nutrient potash K2O (total),5173,Use per value of agricultural production,1995,1995,g/Int$,5.8,E,
16,'050,Bangladesh,3104,Nutrient potash K2O (total),5173,Use per value of agricultural production,1996,1996,g/Int$,6.7,E,
16,'050,Bangladesh,3104,Nutrient potash K2O (total),5173,Use per value of agricultural production,1997,1997,g/Int$,6.58,E,
16,'050,Bangladesh,3104,Nutrient potash K2O (total),5173,Use per value of agricultural production,1998,1998,g/Int$,7.37,E,
16,'050,Bangladesh,3104,Nutrient potash K2O (total),5173,Use per value of agricultural production,1999,1999,g/Int$,6.95,E,
16,'050,Bangladesh,3104,Nutrient potash K2O (total),5173,Use per value of agricultural production,2000,2000,g/Int$,3.41,E,
16,'050,Bangladesh,3104,Nutrient potash K2O (total),5173,Use per value of agricultural production,2001,2001,g/Int$,6.66,E,
16,'050,Bangladesh,3104,Nutrient potash K2O (total),5173,Use per value of agricultural production,2002,2002,g/Int$,7.02,E,
16,'050,Bangladesh,3104,Nutrient potash K2O (total),5173,Use per value of agricultural production,2003,2003,g/Int$,7.27,E,
16,'050,Bangladesh,3104,Nutrient potash K2O (total),5173,Use per value of agricultural production,2004,2004,g/Int$,7.23,E,
16,'050,Bangladesh,3104,Nutrient potash K2O (total),5173,Use per value of agricultural production,2005,2005,g/Int$,9.7,E,
16,'050,Bangladesh,3104,Nutrient potash K2O (total),5173,Use per value of agricultural production,2006,2006,g/Int$,4.88,E,
16,'050,Bangladesh,3104,Nutrient potash K2O (total),5173,Use per value of agricultural production,2007,2007,g/Int$,5.26,E,
16,'050,Bangladesh,3104,Nutrient potash K2O (total),5173,Use per value of agricultural production,2008,2008,g/Int$,5.55,E,
16,'050,Bangladesh,3104,Nutrient potash K2O (total),5173,Use per value of agricultural production,2009,2009,g/Int$,4.97,E,
16,'050,Bangladesh,3104,Nutrient potash K2O (total),5173,Use per value of agricultural production,2010,2010,g/Int$,6.31,E,
16,'050,Bangladesh,3104,Nutrient potash K2O (total),5173,Use per value of agricultural production,2011,2011,g/Int$,8.77,E,
16,'050,Bangladesh,3104,Nutrient potash K2O (total),5173,Use per value of agricultural production,2012,2012,g/Int$,10.94,E,
16,'050,Bangladesh,3104,Nutrient potash K2O (total),5173,Use per value of agricultural production,2013,2013,g/Int$,9.83,E,
16,'050,Bangladesh,3104,Nutrient potash K2O (total),5173,Use per value of agricultural production,2014,2014,g/Int$,9.53,E,
16,'050,Bangladesh,3104,Nutrient potash K2O (total),5173,Use per value of agricultural production,2015,2015,g/Int$,10.21,E,
16,'050,Bangladesh,3104,Nutrient potash K2O (total),5173,Use per value of agricultural production,2016,2016,g/Int$,11.38,E,
16,'050,Bangladesh,3104,Nutrient potash K2O (total),5173,Use per value of agricultural production,2017,2017,g/Int$,11.69,E,
16,'050,Bangladesh,3104,Nutrient potash K2O (total),5173,Use per value of agricultural production,2018,2018,g/Int$,10.5,E,
16,'050,Bangladesh,3104,Nutrient potash K2O (total),5173,Use per value of agricultural production,2019,2019,g/Int$,10.14,E,
16,'050,Bangladesh,3104,Nutrient potash K2O (total),5173,Use per value of agricultural production,2020,2020,g/Int$,10.47,E,
16,'050,Bangladesh,3104,Nutrient potash K2O (total),5173,Use per value of agricultural production,2021,2021,g/Int$,10.28,E,
16,'050,Bangladesh,3104,Nutrient potash K2O (total),5173,Use per value of agricultural production,2022,2022,g/Int$,10.66,E,
16,'050,Bangladesh,3104,Nutrient potash K2O (total),5173,Use per value of agricultural production,2023,2023,g/Int$,11.23,E,
16,'050,Bangladesh,3104,Nutrient potash K2O (total),5173,Use per value of agricultural production,2024,2024,g/Int$,11.67,E,
